ཀ་ཁ་|alphabet
ཀ་ཁོལ་|pillar-hole
ཀ་ཚིགས་ཆེན་མོ་|Ka chigs čhen mo, title of a historiographical work
ཀ་བཞི་གདུང་བརྒྱད་མ་|(PN) Ka-bźi-gduṅ-brgyad-ma
ཀུན་|1) (N) all, everyone; 2) (A) all
ཀུན་མཁྱེན་|the Omniscent One
ཀུན་དགའ་བོ་|(PN) Kun-dgaɣ-bo (Skt. Ānanda)
ཀུན་དགའ་ར་བ་|copse, park
ཀུན་ཏུ་|1) all around; 2) through
ཀུན་ཏུ་བཟང་པོ་|(PN) Kun-tu-bzaṅ-po (Skt. Samantabhadra)
ཀུན་ནས་|perfectly
ཀུན་ནས་དགའ་བ་|surpassingly lovely
ཀེར་|(TR) to raise
ཀོ་བ་|hide
ཀོ་ས་ལ་|(PN) Ko-sa-la (Skt. Kośala)
ཀོང་པོ་|(PN) Koṅ-po, a historical region in Tibet
ཀྱི་ཧུད་|(Intrj) Oh!
ཀྱེ་|(Intrj) Oh! Alas!
ཀྱེ་མ་|(Intrj) Oh! Alas!
ཀླད་ཀོར་|zero
ཀླུ་རྒྱལ་|(PN) Klu-rgyal
ཀླུ་བརྒྱད་མཁན་|(PN) Klu-brgyad-mkhan
ཀླུ་དབང་|lord of serpents
ཀླུ་མོ་|serpent demoness (Skt. nāgī)
ཀླུང་|river valley
ཀློག་|(TR) to read\nv1 ཀློག་ v2 བཀླགས་ v3 བཀླག་ v4 ལྷོགས་
བཀླགས་|see ཀློག་
བཀླག་|see ཀློག་
ལྷོགས་|see ཀློག་
དཀའ་བ་|(to be) difficult
དཀར་ནག་|friendly or unfriendly, lit. “white or black”
དཀར་པོ་|white
དཀར་བ་|(to be) loyal
དཀར་མི་|loyal person
དཀར་མོ་|white
དཀར་ཡོལ་|porcelain cup
དཀྱིལ་འཁོར་|circle, disc
བཀའ་|(HON) order
བཀའ་གྲིམས་|(OT; HON for ཁྲིམས་) sovereign law
བཀའ་ཆེམས་|(HON for ཆེམས་) testament
བཀའ་ཆེམས་ཀ་ཁོལ་མ་|Bkaɣ čhems ka khol ma, title of a historiographical work
བཀའ་དྲིན་|(HON for དྲིན་) kindness
བཀལ་|see འགེལ་
བཀུར་|see འཁུར་
བཀྲ་མི་ཤིས་|misfortune, mischief
བཀྲེས་|(to be) hungry
བཀྲོངས་|see འགྲོང་
བཀྲོལ་|see འགྲོལ་
བཀླགས་|see ཀློག་
རྐང་པ་|leg, foot
རྐང་མིག་|(PN) Rkaṅ-mig (Skt. Akṣapāda)
རྐུ་|(TR) to steal\nv1 རྐུ་ v2 བརྐུས་ v3 བརྐུ་ v4 རྐུས་
བརྐུས་|see རྐུ་
བརྐུ་|see རྐུ་
རྐུས་|see རྐུ་
རྐོ་|(TR) to dig (out)\nv1 རྐོ་ v2 བརྐོས་ v3 བརྐོ་ v4 རྐོས་
བརྐོས་|see རྐོ་
བརྐོ་|see རྐོ་
རྐོས་|see རྐོ་
རྐོས་|see རྐོ་
རྐྱང་|single
རྐྱལ་པ་|leather bag
རྐྱེན་|cause
རྐྱེན་གྱིས་|(Postp) due to, because of (+ GEN)
ལྐོག་ཏུ་|secretly
ལྐོག་ལབ་|slander
ལྐོག་ལབ་ཏུ་|slanderously
སྐ་རགས་|girdle
སྐད་|1) voice; 2) words
སྐད་ཅིག་|a moment
སྐར་མ་|constellation
སྐལ་བ་|fortune
སྐུ་|(HON for ལུས་) body
སྐུ་མཁར་|(HON for མཁར་) fortified castle
སྐུ་ཐིམ་|(HON for ཐིམ་; INTR) to disappear
སྐུ་ཚེ་|(HON for ཚེ་) lifetime
སྐུར་|(TR) 1) to send; 2) to give\nv1 སྐུར་ v2 བསྐུར་ v3 བསྐུར་ v4 སྐུར་
བསྐུར་|see སྐུར་
བསྐུར་|see སྐུར་
སྐུལ་|(TR) to exhort\nv1 སྐུལ་ v2 བསྐུལ་ v3 བསྐུལ་ v4 སྐུལ་
བསྐུལ་|see སྐུལ་
བསྐུལ་|see སྐུལ་
སྐོང་ཆུ་ལག་|arm(s) of the Skoṅ-čhu river
སྐོམ་|1) (to be) thirsty; 2) (N) thirst
སྐོམ་ཚུགས་|chin
སྐོར་|(TR) 1) to surround; to besiege (+ DAT); 2) to turn; 3) to set in motion, to brandish\nv1 སྐོར་ v2 བསྐོར་ v3 བསྐོར་ v4 སྐོར་
བསྐོར་|see སྐོར་
བསྐོར་|see སྐོར་
སྐྱ་|(to be) 1) pale; 2) flavourless
སྐྱ་བོ་|pale
སྐྱབས་|protection
སྐྱབས་སེང་|(PN) Skyabs-seṅ (Skt. Pāṇḍu)
སྐྱི་ཤོད་|(PN) Skyi-śod, name of a region
སྐྱིད་སྡུག་|happiness and misery
སྐྱིད་པོ་|happiness
སྐྱུར་|(TR) to throw away\nv1 སྐྱུར་ v2 བསྐྱུར་ v3 བསྐྱུར་ v4 སྐྱུར་
བསྐྱུར་|see སྐྱུར་
བསྐྱུར་|see སྐྱུར་
སྐྱེ་|(INTR) 1) to be born; 2) to grow\nv1 སྐྱེ་ v2 སྐྱེས་ v3 སྐྱེ་ v4 སྐྱེ་
སྐྱེས་|see སྐྱེ་
སྐྱེ་བ་|1) birth; 2) life
སྐྱེ་བོ་|man, human being
སྐྱེད་|(TR) to increase, to generate\nv1 སྐྱེད་ v2 བསྐྱེད་ v3 བསྐྱེད་ v4 སྐྱེད་
བསྐྱེད་|see སྐྱེད་
བསྐྱེད་|see སྐྱེད་
སྐྱེན་པ་|(A) precipitate
སྐྱེལ་|(TR) to conduct, to bring\nv1 སྐྱེལ་ v2 བསྐྱལ་ v3 བསྐྱལ་ v4 སྐྱོལ་
བསྐྱལ་|see སྐྱེལ་
བསྐྱལ་|see སྐྱེལ་
སྐྱོལ་|see སྐྱེལ་
སྐྱེས་|see སྐྱེ་
སྐྱེས་པ་|man, male person
སྐྱེས་བུ་|living being
སྐྱེས་བུ་ཆེན་པོ་|great person (Skt. mahāpuruṣa)
སྐྱོ་|(INTR) to be vexed (with +DAT)
སྐྱོང་|(TR) 1) to guard; 2) to tend\nv1 སྐྱོང་ v2 བསྐྱངས་ v3 བསྐྱང་ v4 སྐྱོངས་
བསྐྱངས་|see སྐྱོང་
བསྐྱང་|see སྐྱོང་
སྐྱོངས་|see སྐྱོང་
སྐྱོན་|1) fault; harm; 2) misdeed
སྐྱོབ་|(TR) to protect, to guard; to save\nv1 སྐྱོབ་ v2 བསྐྱབས་ v3 བསྐྱབ་ v4 སྐྱོབས་
བསྐྱབས་|see སྐྱོབ་
བསྐྱབ་|see སྐྱོབ་
སྐྱོབས་|see སྐྱོབ་
སྐྲ་|hair
སྐྲག་དངང་|(INTR) to be terrified, frightened\nv1 སྐྲག་དངང་ v2 སྐྲག་དངངས་ v3 སྐྲག་དངང་ v4 སྐྲག་དངང་
སྐྲག་དངངས་|see སྐྲག་དངང་
སྐྲག་དངངས་|see སྐྲག་དངང་
སྐྲི་|(TR) to charge, to assign\nv1 སྐྲི་ v2 བསྐྲིས་ v3 བསྐྲི་ v4 སྐྲིས་
བསྐྲིས་|see སྐྲི་
བསྐྲི་|see སྐྲི་
སྐྲིས་|see སྐྲི་
བསྐལ་པ་|aeon
བསྐུར་|see སྐུར་
བསྐུལ་|see སྐུལ་
བསྐོར་|see སྐོར་
བསྐྱང་|see སྐྱོང་
བསྐྱབ་|see སྐྱོབ་
བསྐྱབས་|see སྐྱོབ་
བསྐྱལ་|see སྐྱེལ་
བསྐྱུར་|see སྐྱུར་
བསྐྱེད་|see སྐྱེད་
བསྐྲི་|see སྐྲི་

ཁ་|1) mouth; 2) surface
ཁ་ཆེམས་|testament
ཁ་དོག་|colour
ཁ་མདོག་|complexion
ཁ་ན་|(Postp) on (+ GEN)
ཁ་སྤུ་|beard
ཁ་བ་|snow
ཁ་བ་ཅན་|1) (A) snowy (lit. possessing snow), snow-clad; 2) (N) Tibet
ཁ་འཛིན་|assistant
ཁ་ཟས་|food
ཁ་རོག་པ་|silent
ཁང་|house
ཁང་པ་|house
ཁང་བུ་ |1) little house; 2) room
ཁབ་|residence
ཁབ་ལེན་རྡོ་|lodestone
ཁམས་|see འཁམས་
ཁམས་ཆེན་པོ་བརྒྱད་|(PN) Khams čhen po brgyad, title of a Bon-po work
ཁམས་པ་|(A) faint
ཁམས་བཟང་|good health
ཁར་|(Postp) on, upon, after; in addition to (+ GEN / ABS)
ཁལ་|burden, load
ཁུང་|hole
ཁུང་བུ་|hole
ཁེ་སྤོག་|profit
ཁེངས་|see འཁེངས་
ཁོ་|(3SG M) he
ཁོ་ཐག་|see ཆོད་
ཁོ་པ་|(3SG M) he
ཁོ་བོ་|(1SG M) I
ཁོ་མ་|(3SG F) she
ཁོ་མོ་|(1SG F) I
ཁོ་རང་|(3SG M) he, himself
ཁོག་ཆེ་|of great intrinsic power
ཁོང་|(3SG HON) he, she
ཁོང་མཛངས་|inner knowledge
ཁོང་སེང་|inner cavern
ཁྭ་ཏ་|crow
ཁྱད་|difference
ཁྱད་པར་|difference
ཁྱད་པར་|in particular
ཁྱད་པར་དུ་|in particular
ཁྱབ་|(INTR) to be comprised (by + ERG)
ཁྱི་|dog
ཁྱི་མོ་|bitch
ཁྱི་རོ་|dog-cadaver
ཁྱིམ་|house
ཁྱིམ་ཐབ་|house and hearth
ཁྱིམ་བདག་|householder
ཁྱིམ་མཚེས་|neighbour
ཁྱིམ་སོ་|household
ཁྱུ་|flock
ཁྱུང་ཚ་དཔལ་འདྲེན་|(PN) Khyuṅ-cha-dpal-ɣdren
ཁྱེད་|(2SG / PL; HON) you
ཁྱེའུ་|boy
ཁྱེར་|see འཁྱེར་
ཁྱོ་|husband, man
ཁྱོ་བཟང་|good husband
ཁྱོད་|(2SG / PL) you
ཁྲ་|falcon
ཁྲག་|blood
ཁྲག་ཁྲུག་|complicate, confused
ཁྲི་|ten thousand
ཁྲི་|1) throne; 2) (PN) name of a Tibetan dynasty
ཁྲི་དགྲ་དཔུང་བཙན་|(PN) Khri-dgra-dpuṅ-bcan
ཁྲི་སྙན་གཟུགས་བཙན་|(PN) Khri-sñan-gzugs-bcan
ཁྲི་དེ་ཐོག་བཙན་|(PN) Khri-de-thog-bcan
ཁྲི་བཙན་ནམ་|(PN) Khri-bcan-nam
ཁྲི་བརྩིགས་འབུམ་བརྡུགས་|(PN) Khri-brcigs-ɣbum-brdugs
ཁྲིད་|(TR) to lead, conduct
ཁྲིམས་|law
ཁྲེ་ལོག་|1) (INTR) to roll one’s self; 2) (N) a rolling
ཁྲེ་ལོག་ལོག་|an incessant continuous rolling
ཁྲོ་|1) (to be) angry, wrathful; 2) (N) rage\nv1 ཁྲོ་ v2 ཁྲོས་ v3 ཁྲོ་ v4 ཁྲོ་
ཁྲོས་|see ཁྲོ་
ཁྲོ་གཉེར་ཅན་|(PN) Khro-gñer-čan (Skt. Bhṛkuṭī)
ཁྲོས་|see ཁྲོ་
མཁའ་ལྡིང་|see ནམ་མཁའ་ལྡིང་
མཁར་|castle
མཁས་པ་|1) skilled (in + DAT), wise, learned; 2) wise one
མཁས་པོ་ |a skilled male person; a scholar
མཁྱེན་|(HON for ཤེས་; TR) 1) to recognise, to discern, to realise; 2) to understand, to know
འཁམས་|(INTR) to faint away\nv1 འཁམས་ v2 ཁམས་ v3 འཁམས་ v4 འཁམས་
ཁམས་|see འཁམས་
འཁར་བ་|staff
འཁལ་|(TR) to spin\nv1 འཁལ་ v2 བཀལ་ v3 བཀལ་ v4 ཁོལ་
བཀལ་|see འཁལ་
བཀལ་|see འཁལ་
ཁོལ་|see འཁལ་
འཁུར་|(TR) to carry\nv1 འཁུར་ v2 བཀུར་ v3 འཁུར་ v4 འཁུར་
བཀུར་|see འཁུར་
འཁེངས་|(INTR) to be full\nv1 འཁེངས་ v2 ཁེངས་ v3 འཁེངས་ v4 འཁེངས་
ཁེངས་|see འཁེངས་
འཁོར་|1) (INTR) 1) to turn round; 2) to circle; 2) (N) retinue, attendants
འཁོར་བ་|cycle of transmigration / existence (Skt. saṃsāra)
འཁོར་ལོ་|wheel
འཁོར་ལོས་སྒྱུར་|universal emperor
འཁོལ་|(TR) to appoint, to use\nv1 འཁོལ་ v2 བཀོལ་ v3 བཀོལ་ v4 ཁོལ་
བཀོལ་|see འཁོལ་
བཀོལ་|see འཁོལ་
ཁོལ་|see འཁོལ་
འཁྱེར་|(TR) to carry, to carry away\nv1 འཁྱེར་ v2 ཁྱེར་ v3 འཁྱེར་ v4 འཁྱེར་
ཁྱེར་|see འཁྱེར་
འཁྲུག་|(INTR) to be disturbed\nv1 འཁྲུག་ v2 འཁྲུགས་ v3 འཁྲུག་ v4 འཁྲུག་
འཁྲུགས་|see འཁྲུག་
འཁྲུག་དུས་|time for a duel
འཁྲུང་|(HON for སྐྱེ་; INTR) to be born; སྐུ་འཁྲུང་ (HON) to be born\nv1 འཁྲུང་ v2 འཁྲུངས་ v3 འཁྲུང་ v4 འཁྲུང་
འཁྲུངས་|see འཁྲུང་
འཁྲུངས་|see འཁྲུང་

ག་རེ་|Where is [he / she / it]?
ག་ལ་|(INT) to / for whom? where?
གང་|(INT) who? what? which?
གང་|(to be) full
གང་ལྟར་ན་ཡང་|be that as it may
གང་དུ་|(INT) where? wither?
གང་ན་|(INT) where?
གང་ན་བ་|whereabouts; lit. the where-place
གང་ནས་|where from?
གང་བ་|full
གང་ཡང་|any(thing), whatsoever
གངས་|snow-mountain
གངས་དཀར་|white snow-mountain
གངས་ཅན་|Tibet
གངས་རི་སོག་ཁ་|(PN) Gaṅs-ri-sog-kha
གད་མོ་|laugh
གར་|(INT) whither?
གལ་ཏེ་|if
གལ་ཏེ་ན་|perhaps
གུ་རུ་ལེགས་|(PN) Gu-ru-legs
གུམ་|see འགུམ་
གུར་|tent
གུས་པ་|reverence
གོ་|place, spot
གོ་|(TR) to understand
གོ་ཆོད་|capable
གོ་བ་|understanding
གོང་|the above
གོང་ན་|(Postp) before (+ GEN)
གོང་པོ་|clod
གོང་མ་|previous one
གོན་|(TR) to put on
གོས་|cloth, clothes
གོས་ཐུང་|trousers
གོས་དར་|silk cloth(es)
གོས་སེར་ཅན་|(PN) Gos-ser-čan, lit. dressed in yellow clothes, an epithet of Viṣṇu (Skt. pītāmbara)
གོས་ཧྲུལ་|tattered robe
གཽ་ཏ་མ་|(PN) Gautama, the name of the Buddha (Skt. Gautama)
གྱང་|pisé
གྱིས་|see བགྱིད་
གྱུར་|see འགྱུར་
གྱེས་|see འགྱེ་
གྱོན་|(TR) to wear
གྱོས་པོ་|father-in-law
གྲགས་|see འགྲགས་
གྲངས་མེད་|innumerable
གྲངས་མེད་པ་|innumerable
གྲལ་|place in the row
གྲལ་པ་|person sitting in a row
གྲི་གུམ་བཙན་པོ་|(PN) Gri-gum-bcan-po
གྲུ་གུ་|(PN) Gru-gu, i.e. Western Turks
གྲུ་གསུམ་|triangular
གྲུང་|(to be) wise
གྲུང་ཞན་|weak-minded person
གྲུབ་|see འགྲུབ་
གྲུབ་པ་|accomplished one
གྲོ་|wheat
གྲོག་མཁར་བ་|(PN) Grog-mkhar-ba (Skt. Vālmīki)
གྲོག་མ་|ant
གྲོགས་|friend, companion
གྲོགས་པོ་ |a male friend
གྲོགས་མོ་ |female friend
གྲོང་ཁྱེར་|village, town
གྲོང་ཆོག་|village rituals
གྲོངས་|see འགྲོང་
གྲོས་ཉེས་|bad counsel
གྲྭ་|1) corner; 2) school
གླ་རྩི་|musk
གླང་|ox
གླང་ཆེན་|elephant
གླང་པོ་ཆེ་|elephant
གླང་བུ་|calf
གླང་དམར་|red ox
གླད་|head
གླིང་|island
གླེན་པ་|(to be) stupid
དགའ་|(TR) 1) to rejoice in, to be happy / delighted about (+ DAT); 2) to like
དགའ་ལྡན་|(PN) Dgaɣ-ldan heaven (Skt. Tuṣita)
དགའ་བཤེས་|spiritual advisor, < *དགའ་བའི་བཤེས་ཉེན་ (Skt. kalyāṇamitra) friend to virtue, spiritual advisor
དགས་|(INTR) to be cracked
དགུ་|nine
དགུང་|sky
དགུན་|winter
དགུམ་|see འགུམས་
དགེ་བསྙེན་|lay practitioner
དགེ་བ་|1) virtuous deed, virtue; 2) (to be) virtuous
དགེ་ལེགས་|prosperity
དགེ་སློང་|monk
དགོངས་|(HON for སེམས་; TR) to think, to reflect (on + DAT)
དགོད་|(INTR) to laugh; གད་མོ་དགོད་ to laugh
དགོན་པ་|hermitage
དགོན་པ་པ་ |hermit
དགོས་|(TR) to need; (MOD) to be necessary, have to, need
དགྲ་|enemy
དགྲ་བཅོམ་པ་|Arhat (Skt. arhant)
དགྲ་བོ་|enemy
དགྲ་ལྷ་|one of tutelary deities
བགེགས་|difficulty
བགོ་|(TR) to put on\nv1 བགོ་ v2 བགོས་ v3 བགོ་ v4 བགོ་
བགོས་|see བགོ་
བགོ་བ་|clothes
བགོད་|(TR) to divide\nv1 བགོད་ v2 བགོས་ v3 བགོ་ v4 བགོས་
བགོས་|see བགོད་
བགོ་|see བགོད་
བགོས་|see བགོད་
བགོས་|see བགོ་
བགོས་|see བགོད་
བགྱི་|see བགྱིད་
བགྱིད་|(HML for བྱེད་; TR) 1) to do; 2) to say; མཆོད་པ་བགྱིད་ to make offerings; སོ་ནམ་བགྱིད་ to cultivate fields\nv1 བགྱིད་ v2 བགྱིས་ v3 བགྱི་ v4 གྱིས་
བགྱིས་|see བགྱིད་
བགྱི་|see བགྱིད་
གྱིས་|see བགྱིད་
བགྱིས་|see བགྱིད་
བགྲང་|(TR) 1) to count; 2) to reckon, to consider\nv1 བགྲང་ v2 བགྲངས་ v3 བགྲང་ v4 བགྲང་
བགྲངས་|see བགྲང་
བགྲེས་པ་|(N) elder man; (A) elder
བགྲོ་|(INTR) to confer, to discuss\nv1 བགྲོ་ v2 བགྲོས་ v3 བགྲོ་ v4 བགྲོ་
བགྲོས་|see བགྲོ་
མགུལ་|neck
མགོ་་|head
མགོ་བོ་|head
མགོན་པོ་|patron, protector
མགོན་མེད་ཟས་སྦྱིན་|(PN) Mgon-med-zas-sbyin (Skt. Anāthapiṇḍada)
མགྱོགས་|(to be) quick
མགྱོགས་པོ་|quick
འགའ་|a few, some
འགལ་|(TR) to contradict (+ COM)
འགུམ་|(INTR) to die\nv1 འགུམ་ v2 གུམ་ v3 འགུམ་ v4 འགུམ་
གུམ་|see འགུམ་
འགུམས་|(TR) to kill\nv1 འགུམས་ v2 བཀུམ་ v3 དགུམ་ v4 ཁུམས་
བཀུམ་|see འགུམས་
དགུམ་|see འགུམས་
ཁུམས་|see འགུམས་
འགུལ་|(INTR) to quiver
འགེམས་|(TR) to rip, to destroy
འགེལ་|(TR) to carry\nv1 འགེལ་ v2 བཀལ་ v3 དགལ་ v4 ཁོལ་
བཀལ་|see འགེལ་
དགལ་|see འགེལ་
ཁོལ་|see འགེལ་
འགོད་|(TR) to furnish\nv1 འགོད་ v2 བཀོད་ v3 དགོད་ v4 ཁོད་
བཀོད་|see འགོད་
དགོད་|see འགོད་
ཁོད་|see འགོད་
འགོར་ཏི་|(PN) Ɣgor-ti, place name
འགྱུར་|(INTR) 1) to become; 2) to happen\nv1 འགྱུར་ v2 གྱུར་ v3 འགྱུར་ v4 འགྱུར་
གྱུར་|see འགྱུར་
འགྱེ་|(INTR) to split\nv1 འགྱེ་ v2 གྱེས་ v3 འགྱེ་ v4 འགྱེ་
གྱེས་|see འགྱེ་
འགྱེལ་|(INTR) to collapse, to fall\nv1 འགྱེལ་ v2 གྱེལ་ v3 འགྱེལ་ v4 འགྱེལ་
གྱེལ་|see འགྱེལ་
འགྲགས་|(INTR) to be called; to be known as (+ TERM)\nv1 འགྲགས་ v2 གྲགས་ v3 འགྲགས་ v4 འགྲགས་
གྲགས་|see འགྲགས་
འགྲན་སེམས་|quarrelsome temper
འགྲམ་|shore; side
འགྲུབ་|(INTR) to complete\nv1 འགྲུབ་ v2 གྲུབ་ v3 འགྲུབ་ v4 འགྲུབ་
གྲུབ་|see འགྲུབ་
འགྲེ་|(INTR) to roll one’s self
འགྲོ་|(INTR) 1) to go; 2) to pass (of time); 3) to become (+ TERM)\nv1 འགྲོ་ v2 སོང་ v3 འགྲོ་ v4 སོང་
སོང་|see འགྲོ་
སོང་|see འགྲོ་
འགྲོ་བ་|1) a being; 2) existence
འགྲོགས་|(INTR) to come together, to be accompanied (by + COM)
འགྲོང་|(HON for འཆི་; INTR) to die\nv1 འགྲོང་ v2 གྲོངས་ v3 འགྲོང་ v4 འགྲོང་
གྲོངས་|see འགྲོང་
འགྲོང་|(HON for གསོད་; TR) to kill\nv1 འགྲོང་ v2 བཀྲོངས་ v3 དགྲོངས་ v4 འགྲོང་
བཀྲོངས་|see འགྲོང་
དགྲོངས་|see འགྲོང་
འགྲོལ་|(TR) to untie\nv1 འགྲོལ་ v2 བཀྲོལ་ v3 དགྲོལ་ v4 ཁྲོལ་
བཀྲོལ་|see འགྲོལ་
དགྲོལ་|see འགྲོལ་
ཁྲོལ་|see འགྲོལ་
རྒན་པོ་|old man
རྒན་མོ་|1) old woman; 2) old
རྒལ་|(TR) to cross (+ DEL)\nv1 རྒལ་ v2 བརྒལ་ v3 བརྒལ་ v4 རྒོལ་
བརྒལ་|see རྒལ་
བརྒལ་|see རྒལ་
རྒོལ་|see རྒལ་
རྒུད་|(INTR) to grow weak, to decline
རྒོད་|vulture
རྒོད་མ་|mare
རྒོལ་|(TR) to fight (against + DAT)\nv1 རྒོལ་ v2 བརྒལ་ v3 བརྒལ་ v4 རྒོལ་
བརྒལ་|see རྒོལ་
བརྒལ་|see རྒོལ་
རྒྱ་|(PN) China
རྒྱ་གར་|(PN) India
རྒྱ་གར་སྐད་|Sanskrit, lit. “language of India”
རྒྱ་ནག་|(PN) China
རྒྱ་མཚོ་|ocean
རྒྱགས་|provisions
རྒྱང་མ་|distance
རྒྱང་ཚད་|(N) a while
རྒན་གཞོན་|age
རྒྱབ་|(N) the back
རྒྱབ་|(TR) to throw\nv1 རྒྱབ་ v2 བརྒྱབ་ v3 བརྒྱབ་ v4 རྒྱོབ་
བརྒྱབ་|see རྒྱབ་
བརྒྱབ་|see རྒྱབ་
རྒྱོབ་|see རྒྱབ་
རྒྱལ་|(INTR) to be victorious (over + DEL)
རྒྱལ་ཁམས་|kingdom, realm
རྒྱལ་པོ་|king
རྒྱལ་ཕྲན་|vassal
རྒྱལ་བུ་|prince
རྒྱལ་བྱེད་|(PN) Rgyal-byed (Skt. Jetṛ)
རྒྱལ་བློན་|king and minister
རྒྱལ་མོ་|queen
རྒྱལ་རབས་དཔག་བསམ་ལྗོན་ཤིང་|Rgyal rabs dpag bsam lǰon śiṅ, title of a historiographical work
རྒྱལ་ས་|throne
རྒྱལ་སྲིད་|1) government, reign; 2) dominion
རྒྱས་|(INTR) 1) to increase, to grow, to spread; 2) to be full of
རྒྱས་པ་|(PN) Rgyas-pa (Skt. Vyāsa)
རྒྱས་པར་|in detail; expandingly, extensively
རྒྱུ་སྐར་|star
རྒྱུག་|(INTR) to run\nv1 རྒྱུག་ v2 བརྒྱུགས་ v3 བརྒྱུག་ v4 རྒྱུག་
བརྒྱུགས་|see རྒྱུག་
བརྒྱུག་|see རྒྱུག་
རྒྱུད་|1) realm of existence; 2) tantra
རྒྱུན་|flow, stream
རྒྱུན་ཆད་|interruption
རྒྱུན་དུ་|constantly, continually
རྒྱུས་ཡོད་|familiar with; lit. having knowledge (of)
སྒོ་|door
སྒོ་|(TR) to say\nv1 སྒོ་ v2 བསྒོ་ v3 སྒོ་ v4 སྒོ་
བསྒོ་|see སྒོ་
སྒོ་ཁྱི་|door-guarding dog
སྒོ་ནས་|(Postp) 1) due to; 2) by means of (+ GEN)
སྒོམ་ v2 བསྒོམས་ v3 བསྒོམ་ v4 སྒོམ་|(TR) to meditate
སྒོམ་ v2 བསྒོམས་ v3 བསྒོམ་ v4 སྒོམས་|(TR) to meditate
སྒྱུ་མ་ལྷ་མཛེས་|(PN) Sgyu-ma-lha-mȷes (སྒྱུ་མ་ = Skt. māyā, ལྷ་མཛེས་ = Skt. devī)
སྒྱུར་|(TR) to translate\nv1 སྒྱུར་ v2 བསྒྱུར་ v3 བསྒྱུར་ v4 སྒྱུར་
བསྒྱུར་|see སྒྱུར་
བསྒྱུར་|see སྒྱུར་
སྒྲ་|sound; voice
སྒྲ་ཆེན་པོ་|(PN) Sgra-čhen-po
སྒྲིག་|(TR) to arrange\nv1 སྒྲིག་ v2 བསྒྲིགས་ v3 བསྒྲིག་ v4 སྒྲིགས་
བསྒྲིགས་|see སྒྲིག་
བསྒྲིག་|see སྒྲིག་
སྒྲིགས་|see སྒྲིག་
སྒྲུབ་|(TR) to accomplish, to achieve\nv1 སྒྲུབ་ v2 བསྒྲུབས་ v3 བསྒྲུབ་ v4 སྒྲུབས་
བསྒྲུབས་|see སྒྲུབ་
བསྒྲུབ་|see སྒྲུབ་
སྒྲུབས་|see སྒྲུབ་
སྒྲོག་|(TR) to promulgate\nv1 སྒྲོག་ v2 བསྒྲགས་ v3 བསྒྲག་ v4 སྒྲོགས་
བསྒྲགས་|see སྒྲོག་
བསྒྲག་|see སྒྲོག་
སྒྲོགས་|see སྒྲོག་
སྒྲོམ་|box, chest
སྒྲོལ་|(TR) to rescue\nv1 སྒྲོལ་ v2 བསྒྲལ་ v3 བསྒྲལ་ v4 སྒྲོལ་
བསྒྲལ་|see སྒྲོལ་
བསྒྲལ་|see སྒྲོལ་
སྒྲོལ་མ་|(PN) Sgrol-ma (Skt. Tārā)
བརྒལ་|see རྒལ་
བརྒྱ་|hundred
བརྒྱ་དང་བཅུ་གཅིག་|hundred and eleven
བརྒྱ་དང་ཉི་ཤུ་|hundred and twenty
བརྒྱད་|eight
བརྒྱད་པ་|eighth
བརྒྱབ་|see རྒྱབ་
བརྒྱལ་|(INTR) to faint away
བརྒྱུད་|lineage
བསྒོ་|see སྒོ་
བསྒོ་|(TR) to soil, to stain\nv1 བསྒོ་ v2 བསྒོས་ v3 བསྒོ་ v4 བསྒོ་
བསྒོས་|see བསྒོ་
བསྒོམ་|see སྒོམ་
བསྒོམས་|see སྒོམ་
བསྒོས་|see བསྒོ་
བསྒྲགས་|see སྒྲོག་
བསྒྲིགས་|see སྒྲིག་
བསྒྲུབ་|see སྒྲུབ་
བསྒྲུབས་|see སྒྲུབ་

ང་|(1SG) I
ང་རང་|(1SG) I
ངག་|speech
ངག་ཏུ་|verbally
ངང་རྒྱུད་|forbearance
ངང་པ་|goose
ངན་པ་|(to be) bad; wicked
ངན་བུ་|(1SG) I; humble I
ངར་པ་|leg (of trousers)
ངལ་|weariness
ངལ་|(INTR) to be tired; ལུས་ངལ་ to be tired
ངུ་|(INTR) to weep\nv1 ངུ་ v2 ངུས་ v3 ངུ་ v4 ངུ་
ངུས་|see ངུ་
ངུར་སྨྲིག་|yellowish red
ངུས་|see ངུ་
ངེད་|(1PL) we
ངེད་རང་|(1PL) we
ངེས་|(to be) certain
ངེས་པར་|certainly
ངེས་འབྱུང་|renunciation
ངོ་|face
ངོ་ཚ་|1) shame; 2) shameful
ངོ་མཚར་|1) miracle, wonder; 2) wonderful
ངོམ་|(INTR) to be sated (by + ERG)\nv1 ངོམ་ v2 ངོམས་ v3 ངོམ་ v4 ངོམ་
ངོམས་|see ངོམ་
དངུལ་|silver
དངུལ་རྡོ་|silver-ore
དངོས་པོ་|thing
མངའ་|(HON for ཡོད་; COP) to have
མངོན་པར་|openly, visibly
མངོན་པར་སངས་རྒྱ་|(INTR) to achieve manifesting enlightenment\nv1 མངོན་པར་སངས་རྒྱ་ v2 རྒྱས་ v3 མངོན་པར་སངས་རྒྱ་ v4 མངོན་པར་སངས་རྒྱ་
རྒྱས་|see མངོན་པར་སངས་རྒྱ་
མངོན་བློ་|real understanding
རྔ་|drum
རྔ་|(TR) to reap\nv1 རྔ་ v2 བརྔས་ v3 བརྔ་ v4 རྔོས་
བརྔས་|see རྔ་
བརྔ་|see རྔ་
རྔོས་|see རྔ་
ལྔ་|five
ལྔ་བརྒྱ་|five hundred
ལྔ་ཚིགས་|third out of five
སྔ་|earlier time
སྔ་བ་|the earliest one
སྔ་མ་|before
སྔ་རོལ་|past ages
སྔག་ v2 བསྔགས་ v3 བསྔག་ v4 སྔོག་|(TR) to praise
སྔག་ v2 བསྔགས་ v3 བསྔག་ v4 སྔོགས་|(TR) to praise
སྔགས་|mantra
སྔར་|1) (A) 1) earlier; 2) before, ahead; 2) (N) the past
སྔར་ཕན་|until recently
སྔས་མགོ་|pillow
སྔོ་|green
སྔོན་|earlier
བརྔ་|see རྔ་
བསྔགས་|see སྔག་

ཅང་|any, any thing, anyone
ཅི་|(INT) what? (REL) which
ཅི་ལྟར་|(INT) how? (REL) how (also ཇི་ལྟར་)
ཅི་འདྲ་|(INT / REL) how; (REL) whatever
ཅི་ཙམ་|(INT) how much?; (REL) so much
ཅིའི་ཕྱིར་|(INT) why?
ཅུང་ཟད་|a little, a bit
གཅགས་|(INTR) to love
གཅད་|see གཅོད་
གཅིག་|one
གཅིག་ཏུ་ན་|firstly
གཅིག་པ་|(A) only
གཅིག་པུ་|1) sole; 2) alone
གཅིག་པོ་|(A) only
གཅོག་ v2 བཅག་ v3 གཅག་ v4 ཆོག་|(TR) to break; to knock out
གཅོག་ v2 བཅག་ v3 གཅག་ v4 ཆོགས་|(TR) to break; to knock out
གཅོད་|(TR) 1) to cut; 2) to decide; ཞལ་ཆེ་གཅོད་ to pass a judgement\nv1 གཅོད་ v2 བཅད་ v3 གཅད་ v4 ཆོད་
བཅད་|see གཅོད་
གཅད་|see གཅོད་
ཆོད་|see གཅོད་
བཅག་|see གཅོག་
བཅས་|accompanied by, possessed of, together with (+ COM)
བཅས་|see འཆའ་
བཅིངས་|see འཆིང་
བཅུ་|ten
བཅུག་|see འཇུག་
བཅོ་བརྒྱད་|eighteen
བཅོ་ལྔ་|fifteen
བཅོམ་|see འཇོམས་
བཅོམ་ལྡན་འདས་|the Victorious One (Skt. bhagavant), an epithet of Buddha
བཅོལ་|see འཆོལ་
བཅོལ་གཏམས་|trust
བཅོས་|see འཆོས་
བཅོས་མ་|artificial
ལྕག་|a blow, a hit
ལྕགས་|iron
ལྕགས་རྡོ་|iron-stone
ལྕགས་ཕྱེ་|iron filing
ལྕེ་|tongue
ལྕོགས་|(INTR) to be possible

ཆ་|part
ཆ་ལུགས་|appearance
ཆ་ཤས་|portion
ཆག་|see འཆག་
ཆགས་|(INTR) to be attached (to + DAT)
ཆགས་|(INTR) to arise
ཆགས་པ་|1) love; 2) passion
ཆང་|beer
ཆང་ཚོང་|tavern
ཆང་ཚོང་མ་|beer-seller (F)
ཆད་|see འཆད་
ཆད་པ་|begotten / born from (+ DEL)
ཆབ་སྲིད་|dominion
ཆར་འདོད་བྱེ་འུ་|cātaka-nestling
ཆས་|1) garment, clothes; 2) form, appearance
ཆིབས་ |(HON for རྟ་) horse
ཆིབས་ཁ་|briddle
ཆུ་|1) water; 2) river
ཆུ་ཀླུང་|river
ཆུ་སྡོར་|meat
ཆུ་བོ་|river
ཆུག་|see འཇུག་
ཆུང་|(to be) small, young
ཆུང་ངུ་|1) (N) 1) the youngest; 2) childhood; 2) (A) small
ཆུང་གཉེན་|child-marriage
ཆུང་མ་|wife
ཆུང་ཤོས་|the youngest
ཆུད་གསན་|(TR) to waste
ཆེ་བ་|(to be) great; ཚབས་ཆེ་བ་ very great
ཆེན་པོ་|1) great; 2) big, large, vast
ཆོ་ངེས་|lamentation
ཆོག་|see གཅོག་
ཆོག་|(MOD) to be allowed, permitted
ཆོད་|(INTR) to be decided; ཁོ་ཐག་ཆོད་ to be certain
ཆོད་|see གཅོད་
ཆོས་|1) Buddhist teaching, Dharma (Skt. dharma); 2) religious teaching; 3) thing, being, anything that exists
ཆོས་གོས་|monk-robe
ཆོས་རྒྱལ་|Dharma-king
ཆོས་པ་|follower of Dharma
ཆོས་འབྱུང་|lit. origins of Buddhism; name of a literary genre
མཆི་|(HML; TR) to speak
མཆི་|(HML for འོང་ / འགྲོ་; INTR) 1) to come; 2) to go\nv1 མཆི་ v2 མཆིས་ v3 མཆི་ v4 མཆི་
མཆིས་|see མཆི་
མཆི་མ་|tears
མཆིམས་བཟའ་|lady from the Mčhims family
མཆིས་|see མཆི་
མཆིས་|(HML for ཡོད་) to be there
མཆེད་|(HON) brother
མཆོག་|the most excellent
མཆོག་ཏུ་ |very
མཆོང་|(INTR) to jump
མཆོངས་|(INTR) to jump
མཆོད་|(TR) to worship
མཆོད་རྟེན་|shrine (Skt. stūpa)
མཆོད་པ་|1) offering; 2) honours
འཆག་|(INTR) to walk
འཆག་|(INTR) to break\nv1 འཆག་ v2 ཆག་ v3 འཆག་ v4 འཆག་
ཆག་|see འཆག་
འཆད་|(INTR) 1) to be cut (off; into pieces); 2) to be separated; 3) to be decided / determined\nv1 འཆད་ v2 ཆད་ v3 འཆད་ v4 འཆད་
ཆད་|see འཆད་
འཆད་|(TR) 1) to explain; 2) to relate\nv1 འཆད་ v2 བཤད་ v3 བཤད་ v4 ཤོད་
བཤད་|see འཆད་
བཤད་|see འཆད་
ཤོད་|see འཆད་
འཆམ་|(TR) to agree (upon + DAT); ཁ་འཆམ་ to agree
འཆའ་|(TR) to place (on + DAT)\nv1 འཆའ་ v2 བཅས་ v3 བཅའ་ v4 ཆོས་
བཅས་|see འཆའ་
བཅའ་|see འཆའ་
ཆོས་|see འཆའ་
འཆར་|(INTR) to rise\nv1 འཆར་ v2 ཤར་ v3 འཆར་ v4 འཆར་
ཤར་|see འཆར་
འཆར་བྱེད་|(PN) Ɣčhar-byed (Skt. Udayana)
འཆི་|(INTR) to die\nv1 འཆི་ v2 ཤི་ v3 འཆི་ v4 འཆི་
ཤི་|see འཆི་
འཆིང་|(TR) to bind\nv1 འཆིང་ v2 བཅིངས་ v3 བཅིང་ v4 ཆིངས་
བཅིངས་|see འཆིང་
བཅིང་|see འཆིང་
ཆིངས་|see འཆིང་
འཆོར་|(INTR) to get lost, to perish; མཆི་མ་འཆོར་ (TR / NC) to shed tears\nv1 འཆོར་ v2 ཤོར་ v3 འཆོར་ v4 འཆོར་
ཤོར་|see འཆོར་
འཆོལ་|(TR) 1) to appoint, to make; 2) to entrust (to + DAT)\nv1 འཆོལ་ v2 བཅོལ་ v3 བཅོལ་ v4 འཆོལ་
བཅོལ་|see འཆོལ་
བཅོལ་|see འཆོལ་
འཆོས་|(TR) to make, to prepare\nv1 འཆོས་ v2 བཅོས་ v3 བཅོ་ v4 ཆོས་
བཅོས་|see འཆོས་
བཅོ་|see འཆོས་
ཆོས་|see འཆོས་

ཇི་|see ཅི་
ཇི་ལྟར་|see ཅི་ལྟར་
ཇོ་བོ་|lord, master
ཇོ་མོ་|1) goddess; 2) lady
མཇུག་|hind part
མཇུག་མ་|tail
འཇང་|(PN) name of an ancient people
འཇམ་|(to be) soft
འཇམ་པ་|mild, gentle
འཇམ་དཔལ་གཞོན་ནུར་གྱུར་པ་|(PN) Ɣǰam-dpal-gźon-nur-gyur-pa, lit. Mañjuśrī who became a youth (Skt. Kumārabhūtamañjuśrī)
འཇའ་|rainbow
འཇའ་ཚོན་|rainbow
འཇལ་|(TR) to measure out\nv1 འཇལ་ v2 བཅལ་ v3 གཞལ་ v4 འཇོལ་
བཅལ་|see འཇལ་
གཞལ་|see འཇལ་
འཇོལ་|see འཇལ་
འཇིག་|to perish\nv1 འཇིག་ v2 ཞིག་ v3 འཇིག་ v4 འཇིག་
ཞིག་|see འཇིག་
འཇིག་|(TR) to waste, to annihilate\nv1 འཇིག་ v2 བཤིག་ v3 གཞིག་ v4 ཤིག་
བཤིག་|see འཇིག་
གཞིག་|see འཇིག་
ཤིག་|see འཇིག་
འཇིག་རྟེན་|world
འཇིག་རྟེན་པ་|folk, inhabitants of the world
འཇིག་པ་|decay
འཇིགས་|(INTR) to fear
འཇུ་|(TR) 1) to seize, to grasp; 2) to embrace\nv1 འཇུ་ v2 འཇུས་ v3 འཇུ་ v4 འཇུ་
འཇུས་|see འཇུ་
འཇུ་|(TR) to melt\nv1 འཇུ་ v2 བཞུས་ v3 བཞུ་ v4 འཇུ་
བཞུས་|see འཇུ་
བཞུ་|see འཇུ་
འཇུག་|(INTR) to enter\nv1 འཇུག་ v2 ཞུགས་ v3 འཇུག་ v4 འཇུག་
ཞུགས་|see འཇུག་
འཇུག་|(TR) 1) to put into; 2) to lead to; 3) to order; (CAUS) to cause, to let\nv1 འཇུག་ v2 བཅུག་ v3 གཞུག་ v4 ཆུག་
བཅུག་|see འཇུག་
གཞུག་|see འཇུག་
ཆུག་|see འཇུག་
འཇུས་|see འཇུ་
འཇོག་|(TR) 1) to leave, to leave behind; 2) to lay down\nv1 འཇོག་ v2 བཞག་ v3 གཞག་ v4 ཞོག་
བཞག་|see འཇོག་
གཞག་|see འཇོག་
ཞོག་|see འཇོག་
འཇོམས་|(TR) to conquer\nv1 འཇོམས་ v2 བཅོམ་ v3 གཞོམ་ v4 ཆོམ་
བཅོམ་|see འཇོམས་
གཞོམ་|see འཇོམས་
ཆོམ་|see འཇོམས་
རྗེ་|lord, ruler
རྗེས་|1) (N) step, trace; 2) (Postp) after, behind (+ ABS)
རྗེས་སུ་|(Postp) after (+ GEN); see རང་
རྗོད་|(TR) to say\nv1 རྗོད་ v2 བརྗོད་ v3 བརྗོད་ v4 རྗོད་
བརྗོད་|see རྗོད་
བརྗོད་|see རྗོད་

ཉ་ཁྲི་|(PN) Ña-khri
ཉག་|lump
ཉང་ཆུ་སྐྱ་མོ་|(PN) Ñaṅ-čhu-skya-mo, name of a river
ཉང་པོ་|(PN) Ñaṅ-po, a historical region in Tibet
ཉན་|(TR) to listen, to hear\nv1 ཉན་ v2 ཉན་ v3 ཉན་ v4 ཉོན་
ཉོན་|see ཉན་
ཉན་གྱི་རྣ་གསང་མ་|(PN) Ñan-gyi-rna-gsaṅ-ma
ཉམ་ཆུང་|(to be) weak
ཉམས་|(INTR) to be / get hurt
ཉམས་ཐག་|(INTR) to be exhausted
ཉལ་|(INTR) to lie down
ཉི་དཀྱིལ་|solar disc
ཉི་མ་|sun
ཉི་ཤུ་རྩ་བདུན་|twenty-seven
ཉིད་|1) the very; 2) self; 3) alone
ཉིད་དུ་|as such
ཉིན་|day
ཉིན་པར་|during the day
ཉིལ་ལེ་|dangling
ཉུང་|(to be) few
ཉེ་|(INTR) to be near
ཉེ་འཁོར་|kindreds
ཉེ་རིང་|near and distant
ཉེན་|(INTR) to be pained
ཉེས་|(INTR) 1) to be hurt; 2) to be bad; 3) to make a mistake
ཉེས་པ་|1) moral fault; 2) evil, offence; calamity
ཉོ་|(TR) to buy\nv1 ཉོ་ v2 ཉོས་ v3 ཉོ་ v4 ཉོས་
ཉོས་|see ཉོ་
ཉོས་|see ཉོ་
ཉོན་|see ཉན་
ཉོན་མོངས་པ་|misery, trouble
གཉན་|argali
གཉའ་|neck
གཉའ་བ་|neck
གཉའ་ཁྲི་བཙན་པོ་|(PN) Gñaɣ-khri-bcan-po
གཉའ་ཤིང་|yoke
གཉིད་|dream
གཉིས་|two
གཉིས་ཀ་|a pair, couple
གཉིས་པ་|second
གཉིས་སུ་ན་|secondly
གཉེན་|(N) relative
གཉེན་ཉེ་འབྲེལ་|(N) relative
གཉེན་པོ་གསང་བ་|(PN) Secret Gñen-po, name of a tutelary deity
གཉེན་ཚན་|relatives
གཉེན་བཤེས་|relatives and friends
གཉེར་|(TR) to take care
གཉེར་ཁ་ |attention, care
མཉན་དུ་ཡོད་པ་|(PN) Mñan-du-yod-pa (also Mñan-yod), Indian town Śrāvasti
མཉན་ཡོད་|see མཉན་དུ་ཡོད་པ་
རྙིང་མ་པ་|(PN) Rñiṅ-ma-pa, a school of Tibetan Buddhism
རྙེད་|(TR) 1) to find; 2) to obtain; དབུ་རྙེད་ to introduce\nv1 རྙེད་ v2 བརྙེད་ v3 བརྙེད་ v4 རྙེད་
བརྙེད་|see རྙེད་
བརྙེད་|see རྙེད་
རྙོག་པ་|whirlpool
སྙད་|(TR) to tell, to relate\nv1 སྙད་ v2 བསྙད་ v3 བསྙད་ v4 སྙོད་
བསྙད་|see སྙད་
བསྙད་|see སྙད་
སྙོད་|see སྙད་
སྙན་|(HON for རྣ་བ་) ear
སྙན་པ་|pleasant, well-sounding
སྙམ་|1) to think; 2) thought
སྙིང་རྗེ་|compassion
སྙིང་རྗེ་བ་|compassionate
སྙིང་སྟོབས་|courage
སྙིང་པོ་|quintessence, the main substance
སྙིང་བརྩེ་བ་|loving, kind
སྙུང་|illness
སྙུན་|disease, illness
སྙེད་|(DET) about; see also དེ་སྙེད་
སྙོད་|(TR) to feed\nv1 སྙོད་ v2 བསྙོད་ v3 བསྙོད་ v4 སྙོད་
བསྙོད་|see སྙོད་
བསྙོད་|see སྙོད་
སྙོལ་|(TR) to lay down\nv1 སྙོལ་ v2 བསྙལ་ v3 སྙོལ་ v4 སྙོལ་
བསྙལ་|see སྙོལ་
བརྙ་|(TR) to borrow\nv1 བརྙ་ v2 བརྙས་ v3 བརྙ་ v4 བརྙ་
བརྙས་|see བརྙ་
བརྙས་|see བརྙ་
བརྙེས་|see རྙེད་
བསྙད་|see སྙད་
བསྙལ་|see སྙོལ་
བསྙོད་|see སྙོད་

ཏིང་ངེ་འཛིན་|contemplation (Skt. samādhi)
གཏང་|see གཏོང་
གཏད་|see གཏོད་
གཏམ་|1) rumour; 2) speech
གཏམ་དཔེ་|proverb
གཏམ་ཚིག་|words
གཏི་མུག་|ignorance
གཏིང་|1) bottom; 2) depth
གཏུམ་པ་|(to be) hot-tempered; furious
གཏེར་|1) treasury; 2) tresure
གཏེར་ཁ་|mine
གཏོག་|སེ་གོལ་གཏོག་ to snap one’s fingers\nv1 གཏོག་ v2 གཏོགས་ v3 གཏོག་ v4 གཏོག་
གཏོགས་|see གཏོག་
གཏོང་|(TR) 1) to let go, to send; 2) to give away, to give; 3) to abandon, to leave; 4) to let; 5) to set free; མཐུ་གཏོང་ to cast spells; བག་མར་གཏོང་ to give in marriage; གཡར་གཏོང་ to loan; སེམས་གསོ་གཏོང་ to console\nv1 གཏོང་ v2 བཏང་ v3 གཏང་ v4 ཐོང་
བཏང་|see གཏོང་
གཏང་|see གཏོང་
ཐོང་|see གཏོང་
གཏོད་|(TR) 1) to direct, to turn, to point (towards + DAT); 2) to deliver up\nv1 གཏོད་ v2 གཏད་ v3 གཏད་ v4 ཐོད་
གཏད་|see གཏོད་
གཏད་|see གཏོད་
ཐོད་|see གཏོད་
གཏོར་|(TR) to scatter
གཏོར་མ་|strewing-oblation
བཏགས་|see འདོགས་
བཏང་|see གཏོང་
བཏབ་|see འདེབས་
བཏིང་|see འདིང་
བཏུལ་|see འདུལ་
བཏེག་|see འདེག(ས)་
བཏོན་|see འདོན་
རྟ་|horse
རྟ་བདག་|horse-owner
རྟ་པ་|horseman
རྟ་རྫི་|horse-keeper
རྟག་ཏུ་|always
རྟག་པ་|1) lasting, durable; 2) permanence
རྟིང་དུ་|(Adv) later
རྟིང་ལ་|1) (Postp) after (+ GEN); 2) (Adv) later
རྟིང་སོར་|(Adv) later
རྟེའུ་ |foal
རྟོག་ v2 བརྟགས་ v3 བརྟག་ v4 རྟོག་|(TR) to consider, to examine
རྟོག་ v2 བརྟགས་ v3 བརྟག་ v4 རྟོགས་|(TR) to consider, to examine
རྟོགས་|(TR) to perceive, to apprehend
ལྟ་|(TR) to look (at / towards + DAT), to inspect, to examine\nv1 ལྟ་ v2 བལྟས་ v3 བལྟ་ v4 ལྟོས་
བལྟས་|see ལྟ་
བལྟ་|see ལྟ་
ལྟོས་|see ལྟ་
ལྟ་ཅི་སྨོས་|how much less, not to mention, to say nothing of (+ ABS)
ལྟ་བུ་|thus
ལྟ་བུར་|like
ལྟར་|(Postp) like, as (+ ABS)
ལྟུང་|(INTR) to fall\nv1 ལྟུང་ v2 ལྷུང་ v3 ལྟུང་ v4 ལྟུང་
ལྷུང་|see ལྟུང་
ལྟེ་བ་|navel
ལྟོ་|food
ལྟོགས་གྲི་|hunger
ལྟོགས་པ་|hungry
སྟག་|tiger
སྟག་གི་རི་|(PN) Stag-gi-ri
སྟག་ཕྲུག་|tiger cub
སྟག་མོ་|tigress
སྟག་གཟིག་འོལ་མོ་|(PN) Stag-gzigs-ɣol-mo, a legendary country
སྟག་རི་གཉན་གཟིགས་|(PN) Stag-ri-gñan-gzigs
སྟན་|mat; seat
སྟེང་|top, surface
སྟེང་|(PN) Steṅ, name of a Tibetan dynasty
སྟེང་ཁང་|upper story
སྟེང་དུ་|1) (Postp) above, on(to) (+ GEN); 2) (Adv) up
སྟེང་ནས་|(Postp) from (+ GEN)
སྟེའུ་|axe
སྟེར་|(TR) 1) to allow (to + TERM); 2) to give\nv1 སྟེར་ v2 བསྟེར་ v3 བསྟེར་ v4 སྟེར་
བསྟེར་|see སྟེར་
བསྟེར་|see སྟེར་
སྟོང་|thousand
སྟོང་པ་ཉིད་|voidness
སྟོང་རྩན་|(PN) Stoṅ-rcan
སྟོད་|higher sphere
སྟོད་|(TR) to praise\nv1 སྟོད་ v2 བསྟོད་ v3 བསྟོད་ v4 སྟོད་
བསྟོད་|see སྟོད་
བསྟོད་|see སྟོད་
སྟོན་|(TR) 1) to teach, to explain; 2) to show, to display; ལུང་སྟོན་ to predict\nv1 སྟོན་ v2 བསྟན་ v3 བསྟན་ v4 སྟོན་
བསྟན་|see སྟོན་
བསྟན་|see སྟོན་
སྟོན་གྲལ་|feast-row
སྟོན་ཐོག་|harvest
སྟོན་པ་|teacher
སྟོན་མོ་|feast
སྟོབས་|strength
སྟོབས་ཀྱིས་|(Postp) due to, because of (+ GEN)
སྟོབས་ལྡན་|strong, powerful
སྟོར་|(INTR) to get lost
བརྟག་པ་|investigation
བརྟགས་|see རྟོག་
བརྟན་པ་|steadfast
བལྟ་|see ལྟ་
བལྟས་|see ལྟ་
བསྟན་|see སྟོན་
བསྟན་བཅོས་|treatise
བསྟན་པ་|(Buddhist) teaching
བསྟོད་|see སྟོད་

ཐ་ག་པ་|weaver
ཐ་ཆུངས་|1) the youngest; 2) youngest
ཐ་མ་|eventually
ཐག་ཆད་པ་|severed
ཐག་ཆོད་|(INTR) to stop
ཐགས་|texture
ཐང་|plain
ཐད་དུ་|(Postp) to, towards (+ GEN)
ཐབས་|means; stratagem
ཐམས་|see འཐམ་
ཐམས་ཅད་|1) (N) all; 2) (A) all
ཐར་|(INTR) to become free (from + DEL)
ཐ་རེ་ཐོ་རེ་|scatteredly
ཐར་རེ་ཐོར་རེ་|scatteredly
ཐར་ལམ་|path of release
ཐལ་སྒྲོ་|sack of dust
ཐལ་ལྕག་|a hand-slap
ཐལ་མོ་|palm of the hand
ཐལ་ཚུབ་|dust-whirl
ཐི་ཤོ་ལེགས་|(PN) Thi-śo-legs
ཐིམ་|(INTR) to disappear by being absorbed; to disappear
ཐུ་|(to be) malicious
ཐུ་བ་|coat-flap
ཐུག་|(INTR) to be about to (+ DAT)
ཐུགས་|(HON for སྙིང་ / ཡིད་) mind
ཐུགས་སྐྱོ་ཤས་|(HON for སྐྱོ་ཤས་) grief
ཐུགས་རྗེ་|(HON for སྙིང་རྗེ་) compassion
ཐུགས་རྗེ་ཅན་|compassionate
ཐུགས་ཉམས་|(HON for ཉམས་) mind, heart
ཐུགས་དམ་|(HON for ཡི་དམ་) 1) tutelary deity; 2) meditation
ཐུགས་གདོན་|(HON for གདོན་) demon
ཐུགས་བརྩེ་|(HON for བརྩེ་; INTR) to love
ཐུང་|(to be) short
ཐུབ་|(TR) 1) to match; 2) to have the command of; 3) to attain; (MOD) to be able, capable; can
ཐེ་ཚོམ་|doubt
ཐེག་པ་ཆེན་པོ་|Skt. mahāyana
ཐོག་|what is uppermost
ཐོག་ཏུ་|(Postp) on (+ ABS)
ཐོགས་|see འཐོགས་d
ཐོགས་|(INTR) to get stuck (in + DAT)
ཐོང་|see གཏོང་
ཐོད་|turban
ཐོན་|see འཐོན་
ཐོབ་|(TR) 1) to achieve, to attain; 2) to obtain
ཐོས་|(TR) to hear
མཐའ་|end
མཐུ་|1) strength; 2) spell
མཐུན་|(INTR) to agree; རྗེས་(སུ་)མཐུན་ to agree
མཐུར་|halter
མཐོ་|(to be) high
མཐོ་རིས་|heaven
མཐོང་|(TR) to see
འཐག་|(TR) to weave; ཐགས་འཐག་ (INTR) to weave\nv1 འཐག་ v2 བཏགས་ v3 བཏག་ v4 ཐོག་
བཏགས་|see འཐག་
བཏག་|see འཐག་
ཐོག་|see འཐག་
འཐབ་|(TR) to fight
འཐབ་ཡ་|adversary
འཐམ་|(INTR) to shut closely\nv1 འཐམ་ v2 ཐམས་ v3 འཐམ་ v4 འཐམ་
ཐམས་|see འཐམ་
འཐུང་|(TR) to drink\nv1 འཐུང་ v2 བཏུངས་ v3 བཏུང་ v4 འཐུང་
བཏུངས་|see འཐུང་
བཏུང་|see འཐུང་
འཐོགས་|(TR) to carry\nv1 འཐོགས་ v2 ཐོགས་ v3 འཐོགས་ v4 འཐོགས་
ཐོགས་|see འཐོགས་
འཐོན་|(INTR) to go out\nv1 འཐོན་ v2 ཐོན་ v3 འཐོན་ v4 ཐོན་
ཐོན་|see འཐོན་
ཐོན་|see འཐོན་
འཐོར་|(INTR) to be scattered

ད་|now
ད་ལྟ་|now
ད་ལྟར་|now
ད་སྟེ་|henceforth, from now on
ད་ལན་|the present
དག་པར་|really
དང་པོ་|first; at first, at the beginning
དང་བ་|(to be) pure
དད་|(INTR) to believe
དད་པ་|faithfulness
དམ་པ་|1) noble; 2) trustworthy
དར་|(INTR) to spread
དར་ཅིག་|a moment
དར་ཐང་|(PN) Dar-thaṅ, name of a plain
དར་ནག་|black silk
དལ་གྱིས་|gently
དལ་མེད་|without rest
དིང་ཁྲི་བཙན་པོ་|(PN) Diṅ-khri-bcan-po
དིར་རེ་བ་|buzzing
དུ་མ་|many
དུག་|poison
དུག་ཅན་|poisonous
དུད་འགྲོ་|animal
དུད་པ་|smoke
དུམ་བུ་|piece
དུར་|grave
དུར་ཁུང་|grave
དུས་|time
དུས་སུ་|(Postp) at the time of, when (+ GEN)
དེ་|1) (DEM) that; 2) (DET) the; 3) (3SG) he / she / it
དེ་སྐད་|those words
དེ་ཉིད་|the very same
དེ་ཉིད་དུ་|that very moment
དེ་སྙེད་|such
དེ་ལྟ་|so
དེ་ལྟ་བུ་|of that kind, such
དེ་ལྟར་|so, that way; thus
དེ་ལྟར་ན་|in that way
དེ་སྟེ་|now
དེ་དུས་|at that time
དེ་ནས་|thereafter
དེ་བས་|therefore
དེ་བཞིན་གཤེགས་པ་|Tathāgata
དེ་ཡང་|see དེའང་
དེ་རིང་|today
དེ་ཤོ་ལེགས་|(PN) De-śo-legs
དེ་སྲིད་|(COR) so long
དེའང་|namely
དེ་ཡང་|namely
དེར་|1) there; 2) then
དེས་ན་|for that reason
དོ་སྨད་|consort (?) and [her] children
དོགས་|(INTR) to fear (+ ERG)
དོང་|see འདོང་
དོན་|1) meaning, sense; 2) goal, purpose; 3) affair, concern; 4) welfare
དོན་འཁོར་མདའ་|(PN) Don-ɣkhor-mdaɣ
དོན་བསྡུ་|briefly
དྭགས་|bright
དྭགས་པོ་|(PN) Dwags-po, a historical region in Tibet
དྭངས་པ་|pure
དྲག་|expedient
དྲག་ཏུ་|vehemently
དྲག་པ་|noble
དྲག་པོ་|serious
དྲག་ཞན་|high and low
དྲང་པོར་|honestly
དྲང་སྲོང་|sage
དྲངས་|see འདྲེན་
དྲན་|(TR) to remember, to come to mind; to recall
དྲི་|fragrance
དྲི་མ་|impurities
དྲི་ཞིམ་|nice scent
དྲིལ་|see འདྲིལ་
དྲིས་|see འདྲི་
དྲུག་|six
དྲུག་ཅུ་|sixty
དྲུག་པོ་|a group of six
དྲུང་དུ་|(Postp) near to; to (+ GEN)
དྲུང་ན་|(Postp) under, close to (+ GEN / ABS)
དྲུང་ནས་|(Postp) from below (+ ABS)
དྲུང་པོ་|relatives
དྲེས་མ་|(PN) a grass species
དྲོངས་|see འདྲེན་
དྲོན་མོ་|warm
གདགས་ཁྲི་བཙན་པོ་|(PN) Gdags-khri-bcan-po
གདང་|(INTR) to open wide
གདན་|bolster, carpet
གདའ་|(HML for འདུག་; COP) to be there, to be
གདུང་བརྒྱུད་|(HON) lineage
གདུང་རབས་|(HON) generation; lineage
གདུང་|(INTR) 1) to feel pain, to be tormented; 2) to long (for + DAT)
གདུངས་|(INTR) 1) to feel pain, to be tormented; 2) to long (for + DAT)
གདེང་|(TR) to raise in despair\nv1 གདེང་ v2 གདེངས་ v3 གདེང་ v4 གདེང་
གདེངས་|see གདེང་
གདོན་མི་ཟ་བར་|undoubtedly, surely
བདག་|(1SG; HML for ང་) I
བདག་|master
བདག་པོ་|master
བདག་ཅག་|(1PL) we
བདུད་|demon
བདུད་མོ་སྟག་འདྲེན་|(PN) Bdud-mo-stag-ɣdren
བདུད་རིགས་|demon-race
བདུན་|seven
བདེ་|(to be) happy, peaceful
བདེ་སྐྱིད་|1) (INTR) to be happy; 2) happiness
བདེ་བ་|happiness
བདེ་བར་|easily
བདེན་|(to be) true
བདེན་པ་|1) true; 2) truth
མདངས་|brightness
མདའ་|arrow
མདའ་|downland, the lower part of a valley
མདུན་|front
མདུན་དུ་|(POSTP) in front of, before (+ GEN)
མདུན་སོ་|incisor (lit. front) tooth
མདོར་|in brief
འདམ་|swamp
འདམ་ཀ་ |choice
འདའ་|(INTR) 1) to pass over; 2) to pass away\nv1 འདའ་ v2 འདས་ v3 འདའ་ v4 འདའ་
འདས་|see འདའ་
འདར་|(INTR) to tremble
འདས་|see འདའ་
འདི་|(DEM) this
འདི་སྐད་|these words
འདི་སྐད་ཅེས་|these words
འདི་ལྟ་སྟེ་|in this way; namely
འདི་ལྟ་བུ་|like this, such as this
འདི་ལྟར་|so, in this manner; this way
འདི་འདྲ་|like this
འདིང་|(TR) to spread\nv1 འདིང་ v2 བཏིང་ v3 གདིང་ v4 ཐིངས་
བཏིང་|see འདིང་
གདིང་|see འདིང་
ཐིངས་|see འདིང་
འདུ་|(INTR) to gather\nv1 འདུ་ v2 འདུས་ v3 འདུ་ v4 འདུ་
འདུས་|see འདུ་
འདུ་ཤེས་ཅན་|thinking, lit. having the faculty of thinking
འདུག་|(INTR) 1) to lie (down), to sit (down), to be there; 2) to live; 3) to be
འདུལ་|(TR) to subdue\nv1 འདུལ་ v2 བཏུལ་ v3 གདུལ་ v4 ཐུལ་
བཏུལ་|see འདུལ་
གདུལ་|see འདུལ་
ཐུལ་|see འདུལ་
འདེག་ v2 བཏེག་ v3 གདེག་ v4 ཐེག་|(TR) to raise, to lift
འདེགས་ v2 བཏེག་ v3 གདེག་ v4 ཐེག་|(TR) to raise, to lift
འདེད་|(TR) to drive away\nv1 འདེད་ v2 དེད་ v3 འདེད་ v4 འདེད་
དེད་|see འདེད་
འདེབས་|1) to cast, throw; 2) to establish; ཆོ་ངེས་འདེབས་ to lament; ས་བོན་འདེབས་ to sow seeds; སོ་སྒྲ་འདེབས་ to whistle; གསོལ་བ་འདེབས་ to submit a request\nv1 འདེབས་ v2 བཏབ་ v3 གདབ་ v4 ཐོབ་
བཏབ་|see འདེབས་
གདབ་|see འདེབས་
ཐོབ་|see འདེབས་
འདོགས་|(TR) to bind, to attach; ཕན་འདོགས་ to render service\nv1 འདོགས་ v2 བཏགས་ v3 གདགས་ v4 ཐོགས་
བཏགས་|see འདོགས་
གདགས་|see འདོགས་
ཐོགས་|see འདོགས་
འདོང་|(INTR) to go\nv1 འདོང་ v2 དོང་ v3 འདོང་ v4 དོང་
དོང་|see འདོང་
དོང་|see འདོང་
འདོད་|(TR) to wish; to desire; (MOD) to wish, want
འདོད་ཆགས་|passion, lust
འདོད་པ་|passion
འདོད་ཡོན་|desired goods
འདོན་|(TR) 1) to utter; 2) to obtain, to extract; 3) to put, to place out; མགོ་འདོན་ to sustain; to take care; མཆི་མ་འདོན་ to shed tears\nv1 འདོན་ v2 བཏོན་ v3 གདོན་ v4 ཐོན་
བཏོན་|see འདོན་
གདོན་|see འདོན་
ཐོན་|see འདོན་
འདྲ་|(INTR) to be similar, to be like, to resemble (+ COM)
འདྲི་|(TR) to ask\nv1 འདྲི་ v2 དྲིས་ v3 འདྲི་ v4 འདྲི་
དྲིས་|see འདྲི་
འདྲིལ་|(TR) 1) to wrap up; 2) to summarise; གཅིག་ཏུ་འདྲིལ་ to unite\nv1 འདྲིལ་ v2 དྲིལ་ v3 འདྲིལ་ v4 འདྲིལ་
དྲིལ་|see འདྲིལ་
འདྲེ་|(INTR) to be mixed with\nv1 འདྲེ་ v2 འདྲེས་ v3 འདྲེ་ v4 འདྲེ་
འདྲེས་|see འདྲེ་
འདྲེན་|(TR) 1) to pull; 2) to lead; གདན་འདྲེན་ to invite\nv1 འདྲེན་ v2 དྲངས་ v3 དྲང་ v4 དྲོངས་
དྲངས་|see འདྲེན་
དྲང་|see འདྲེན་
དྲོངས་|see འདྲེན་
འདྲེས་|see འདྲེ་
འདྲེས་པ་|mixture
འདྲོངས་|(INTR) to be invited
རྡལ་|(TR) to spread\nv1 རྡལ་ v2 བརྡལ་ v3 བརྡལ་ v4 རྡོལ་
བརྡལ་|see རྡལ་
བརྡལ་|see རྡལ་
རྡོལ་|see རྡལ་
རྡིག་|valuables (?)
རྡུགས་|(INTR) to be worn out
རྡུང་|(TR) to beat\nv1 རྡུང་ v2 བརྡུངས་ v3 བརྡུང་ v4 རྡུངས་
བརྡུངས་|see རྡུང་
བརྡུང་|see རྡུང་
རྡུངས་|see རྡུང་
རྡུལ་|dust
རྡེབས་|(TR) 1) to throw down; 2) to stomp\nv1 རྡེབས་ v2 བརྡབས་ v3 བརྡབ་ v4 རྡེབས་
བརྡབས་|see རྡེབས་
བརྡབ་|see རྡེབས་
རྡེའུ་ |pebble
རྡོ་|1) stone; 2) ore
རྡོ་བ་|stone
ལྡག་|(TR) to lick\nv1 ལྡག་ v2 བལྡགས་ v3 བལྡག་ v4 ལྡོག་
བལྡགས་|see ལྡག་
བལྡག་|see ལྡག་
ལྡོག་|see ལྡག་
ལྡན་|(to be) possessed of, endowed with (+ COM)
ལྡེ་|(PN) Lde, name of a Tibetan dynasty
ལྡེ་རྒྱལ་པོ་|(PN) Lde-rgyal-po
ལྡེ་སྣོལ་ནམ་|(PN) Lde-snol-nam
ལྡེ་སྣོལ་པོ་|(PN) Lde-snol-po
ལྡེ་སྤྲིན་བཙན་|(PN) Lde-sprin-bcan
ལྡེ་འཕྲུལ་ནམ་གཞུང་བཙན་|(PN) Lde-ɣphrul-nam-gźuṅ-bcan
ལྡེ་ཚབ་|spare key
ལྡོག་|(INTR) to come back\nv1 ལྡོག་ v2 ལོག་ v3 ལྡོག་ v4 ལོག་
ལོག་|see ལྡོག་
ལོག་|see ལྡོག་
སྡར་མ་|coward
སྡིག་པ་|1) offence; 2) sin
སྡུག་|(to be) pretty, nice
སྡུག་|1) misery; 2) to be pained
སྡུག་བསྔལ་|1) (to be) afflicted, pained; 2) misery, suffering, affliction
སྡུག་པ་|dear
སྡུག་པོ་|misery
སྡུག་མད་|a truly miserable person
སྡུག་སྲན་|hardiness
སྡུད་|(TR) 1) to add; 2) to collect; 3) to gather\nv1 སྡུད་ v2 བསྡུས་ v3 བསྡུ་ v4 སྡུས་
བསྡུས་|see སྡུད་
བསྡུ་|see སྡུད་
སྡུས་|see སྡུད་
སྡེ་|class
སྡེབ་|(TR) to join\nv1 སྡེབ་ v2 བསྡེབས་ v3 བསྡེབ་ v4 སྡེབས་
བསྡེབས་|see སྡེབ་
བསྡེབ་|see སྡེབ་
སྡེབས་|see སྡེབ་
སྡོད་|(INTR) 1) to wait; 2) to stay, 3) to live\nv1 སྡོད་ v2 བསྡད་ v3 སྡོད་ v4 སྡོད་
བསྡད་|see སྡོད་
སྡོམ་|(TR) to bind, to fetter\nv1 སྡོམ་ v2 བསྡམས་ v3 བསྡམ་ v4 སྡོམས་
བསྡམས་|see སྡོམ་
བསྡམ་|see སྡོམ་
སྡོམས་|see སྡོམ་
སྡོམ་པ་|vow
བརྡ་|sign
བརྡབས་|see རྡེབས་
བརྡལ་|see རྡལ་
བལྡག་|see ལྡག་
བསྡད་|see སྡོད་
བསྡམས་|see སྡོམ་
བསྡུས་|see སྡུད་
བསྡེབས་|see སྡེབ་

ན་|(INTR) to be ill
ན་ཆུང་|girl
ན་བུན་|mist
ནག་པ་|(to be) black
ནག་མོ་|black
ནགས་མ་|forest
ནང་|the inside, interior
ནང་དུ་|(Postp) into, in (+ GEN)
ནང་ན་|(Postp) among (+ GEN / ABS)
ནང་ནས་|(Postp) from (+ GEN)
ནང་པ་|(PN) Naṅ-pa
ནང་པར་|day after tomorrow
ནངས་པར་|day after tomorrow
ནད་|illness
ནན་ཏར་|very much
ནམ་|(INT / REL) when
ནམ་མཁའ་|sky
ནམ་མཁའ་ལྡིང་|garuḍa-bird, lit. one soaring in the sky
ནར་ནར་|continuously
ནར་མ་|continuous
ནལ་|incest
ནལ་ལུ་|bastard child
ནས་|barley
ནུ་བོ་|younger brother
ནུབ་|night
ནུབ་མོ་|evening
ནུས་|(MOD) to be able, capable; can
ནོན་|(TR) to overcome, to suppress
ནོར་|1) wealth, goods; 2) cattle
ནོར་ཅན་|1) (A) wealthy; 2) (N) wealthy one
ནོར་བདག་|wealthy man
ནོར་བདག་པོ་|wealth’s owner
ནོར་ལྡན་|wealthy
ནོར་བུ་|jewel
ནོར་མེད་|impoverished
ནོར་ཡོད་|wealthy
ནོར་སློངས་|source of wealth, possessions, lit. “wealth-raising”
གནག་|yak
གནང་|(HON for སྟེར་; TR) 1) to allow, to permit; 2) to give
གནངས་ཉིན་|the day after tomorrow, the third day
གནམ་|the sky
གནམ་རི་སྲོང་བཙན་|(PN) Gnam-ri-sroṅ-bcan
གནས་|1) (INTR) 1) to last; 2) to live; 3) to stay; 2) (N) place
གནོད་པ་|pain
མནའ་མ་|wife
མནར་|(INTR) to suffer, to be pained
མནལ་|(HON; INTR) to sleep
རྣང་|སྐད་ཀྱིས་རྣང་ to be unable to utter a word; lit. for words to choke\nv1 རྣང་ v2 བརྣངས་ v3 རྣང་ v4 རྣང་
བརྣངས་|see རྣང་
རྣམ་འགྱུར་|facial expression
རྣམ་རྟོག་|disgust
རྣམ་པ་|1) kind; 2) division
རྣོན་པོ་|sharp
སྣ་|a kind
སྣ་|nose
སྣ་ཚོགས་|all kinds (also རྣམ་པ་སྣ་ཚོགས་)
སྣང་|(INTR) to appear
སྣད་|(TR) to hurt\nv1 སྣད་ v2 བསྣད་ v3 བསྣད་ v4 སྣོད་
བསྣད་|see སྣད་
བསྣད་|see སྣད་
སྣོད་|see སྣད་
སྣམ་བུ་|woollens
སྣུན་|(TR) to stick in\nv1 སྣུན་ v2 བསྣུན་ v3 བསྣུན་ v4 སྣུན་
བསྣུན་|see སྣུན་
བསྣུན་|see སྣུན་
སྣོམ་|(TR) to take\nv1 སྣོམ་ v2 བསྣམས་ v3 བསྣམ་ v4 སྣོམས་
བསྣམས་|see སྣོམ་
བསྣམ་|see སྣོམ་
སྣོམས་|see སྣོམ་
བསྣམས་|see སྣོམ་
བསྣུན་|see སྣུན་

པ་གུ་|brick
པད་མོ་|lotus
པོ་ཏ་ལ་|(PN) Po-ta-la, name of a mountain
པྲེ་པེ་སྟན་ཆུང་|(PN) Pre-pe-stan-čhuṅ
དཔག་མེད་|countless, innumerable
དཔའ་|(to be) courageous
དཔལ་|glory
དཔེ་|1) proverb; 2) example
དཔོག་|(TR) to measure\nv1 དཔོག་ v2 དཔགས་ v3 དཔག་ v4 དཔོགས་
དཔགས་|see དཔོག་
དཔག་|see དཔོག་
དཔོགས་|see དཔོག་
དཔོགས་|see དཔོག་
དཔྱད་|see དཔྱོད་
དཔྱོད་|(TR) to examine\nv1 དཔྱོད་ v2 དཔྱད་ v3 དཔྱད་ v4 དཔྱོད་
དཔྱད་|see དཔྱོད་
དཔྱད་|see དཔྱོད་
དཔྲལ་བ་|forehead
སྤང་|meadow
སྤུ་|hair
སྤུ་དེ་གུང་རྒྱལ་|(PN) Spu-de-guṅ-rgyal
སྤུར་|(HON) body, corpse
སྤོ་བོ་|(PN) Spo-bo, a historical region in Tibet
སྤོང་|(TR) to abandon\nv1 སྤོང་ v2 སྤངས་ v3 སྤང་ v4 སྤོངས་
སྤངས་|see སྤོང་
སྤང་|see སྤོང་
སྤོངས་|see སྤོང་
སྤོངས་|see སྤོང་
སྤྱད་|see སྤྱོད་
སྤྱན་|(HON for མིག་) eye
སྤྱན་རས་གཟིགས་|(PN) Spyan-ras-gzigs
སྤྱི་བོ་|crown of the head
སྤྱིན་|glue
སྤྱུག་|(TR) to banish\nv1 སྤྱུག་ v2 སྤྱུགས་ v3 སྤྱུག་ v4 སྤྱུགས་
སྤྱུགས་|see སྤྱུག་
སྤྱུགས་|see སྤྱུག་
སྤྱོ་|(INTR) to scold\nv1 སྤྱོ་ v2 སྤྱོས་ v3 སྤྱོ་ v4 སྤྱོ་
སྤྱོས་|see སྤྱོ་
སྤྱོད་|(TR) 1) to do, to practice, to act; 2) to use; 3) to enjoy\nv1 སྤྱོད་ v2 སྤྱད་ v3 སྤྱད་ v4 སྤྱོད་
སྤྱད་|see སྤྱོད་
སྤྱད་|see སྤྱོད་
སྤྱོད་པ་|behaviour, conduct
སྤྱོད་ཚུལ་|conduct
སྤྱོད་ལམ་|mode of life
སྤྲང་|1) (INTR) to beg; 2) (N) beggar
སྤྲང་པོ་|beggar
སྤྲད་|see སྤྲོད་
སྤྲིན་|cloud
སྤྲུག་|(TR) to shake off\nv1 སྤྲུག་ v2 སྤྲུགས་ v3 སྤྲུག་ v4 སྤྲུགས་
སྤྲུགས་|see སྤྲུག་
སྤྲུགས་|see སྤྲུག་
སྤྲུལ་པ་|1) transformation; 2) emanation; incarnation
སྤྲེ་|monkey
སྤྲེའུ་|monkey
སྤྲེའུ་ཕྲུག་|young of a monkey, monkey-child
སྤྲེལ་ཕྲུག་|see སྤྲེའུ་ཕྲུག་
སྤྲོ་བ་|joy
སྤྲོད་|(TR) 1) to give, to return; 2) to make to meet, to bring together\nv1 སྤྲོད་ v2 སྤྲད་ v3 སྤྲད་ v4 སྤྲོད་
སྤྲད་|see སྤྲོད་
སྤྲད་|see སྤྲོད་

ཕ་|father
ཕ་མ་|1) parents; 2) father and mother
ཕ་མིང་|father and brother(s)
ཕ་རོལ་|1) the other; 2) the outside
ཕ་རོལ་ན་|(Postp) beyond (+ GEN)
ཕ་ཤུལ་|patrimony
ཕག་|concealment
ཕག་|swine
ཕག་ཏུ་|secretly
ཕངས་མེད་|abundant
ཕན་|1) benefit; 2) (to be) useful
ཕན་བདེ་|1) happiness; 2) happiness and blessing
ཕན་པ་|1) benefit; 2) (to be) beneficial
ཕུ་|upland, upper part of a valley
ཕུ་དུང་|sleeve
ཕུ་བོ་|elder brother
ཕུག་|see འབུགས་
ཕུག་རོན་|dove
ཕུང་པོ་|heap
ཕུན་སུམ་ཚོགས་པ་|accomplishment (Skt. sampatti)
ཕུལ་|turret
ཕུལ་|see འབུལ་
ཕུལ་གང་|a handful
ཕུལ་ཕྱིན་|victorious
ཕེར་|(TR) to be able, to be able to bear
ཕོ་|(A) male
ཕོ་ནོར་|man’s goods
ཕོ་བོ་|elder brother
ཕོ་བྲང་|palace, castle
ཕོ་ལྷ་|one of tutelary deities
ཕོག་|see འབོགས་
ཕོག་|see འཕོག་
ཕྱ་|lot
ཕྱག་|(HON for ལག་པ་) hand
ཕྱི་མ་|later; next
ཕྱི་བཞིན་|(Postp) after (+ GEN)
ཕྱི་རོལ་|outside
ཕྱིང་བ་སྟག་རྩེ་|(PN) Phyiṅ-ba-stag-rce, name of a castle
ཕྱིང་ཡུལ་|(PN) Phyiṅ-yul, name of a region in Central Tibet
ཕྱིང་ལུང་|(PN) Phyiṅ-luṅ
ཕྱིན་|(INTR) to arrive, to go
ཕྱིན་ཆད་|(Postp) after (+ ABS)
ཕྱིན་ཏེ་ལོ་ཤུ་ཤ་|(PN) Phyin-te-lo-śu-śa, a Tibetan transcription of the Chinese name 賓頭盧埵闍 Bin-tou-lu-duo-she, itself a transcription of Sanskrit Piṇḍoladhvaja (?; cf. Hahn 1996: 318)
ཕྱིར་|1) (Adv) 1) back; 2) again; 3) out, outside; 2) (Postp) 1) on account of, due to, because; for the sake of (+ GEN); 2) in order to (+ ABS)
ཕྱིར་ཡང་|1) again; 2) afterwards
ཕྱིས་|later
ཕྱུག་|(to be) rich
ཕྱུགས་|cattle
ཕྱུང་|see འབྱིན་
ཕྱེ་|flour
ཕྱེ་|see འབྱེད་
ཕྱེད་|see འབྱེད་
ཕྱེད་ཀ་ |half
ཕྱེད་མ་|half
ཕྱོགས་|1) direction; 2) side
ཕྱོགས་ལ་|(Postp) towards (+ GEN)
ཕྱོགས་སུ་|(Postp) towards (+ GEN)
ཕྲག་དོག་|envy
ཕྲག་|shoulder
ཕྲག་པ་|shoulder
ཕྲད་|particle
ཕྲད་|see འཕྲད་
ཕྲིན་|message
ཕྲུ་གུ་|child
ཕྲོགས་|see འཕྲོག་
འཕགས་རྒྱལ་|(PN) Ɣphags-rgyal, name of an Indian town (Skt. Ujjayinī)
འཕགས་པ་|the Noble One (lit. Surpassing One)
འཕངས་|see འཕེན་
འཕམ་པ་|despondent
འཕུར་|(INTR) to fly\nv1 འཕུར་ v2 ཕུར་ v3 འཕུར་ v4 འཕུར་
ཕུར་|see འཕུར་
འཕེན་|(TR) to throw\nv1 འཕེན་ v2 འཕངས་ v3 འཕང་ v4 འཕོང་
འཕངས་|see འཕེན་
འཕང་|see འཕེན་
འཕོང་|see འཕེན་
འཕེལ་|(INTR) to increase, to thrive\nv1 འཕེལ་ v2 ཕེལ་ v3 འཕེལ་ v4 འཕེལ་
ཕེལ་|see འཕེལ་
འཕོ་|(INTR) to change; ཚེ་འཕོ་ to die, to be reborn\nv1 འཕོ་ v2 འཕོས་ v3 འཕོ་ v4 འཕོས་
འཕོས་|see འཕོ་
འཕོས་|see འཕོ་
འཕོག་|(TR) to hit\nv1 འཕོག་ v2 ཕོག་ v3 འཕོག་ v4 འཕོག་
ཕོག་|see འཕོག་
འཕྱ་|(INTR) to deride, to laugh\nv1 འཕྱ་ v2 འཕྱས་ v3 འཕྱ་ v4 འཕྱ་
འཕྱས་|see འཕྱ་
འཕོས་|see འཕོ་
འཕྲད་|(TR) to meet with (+ COM)\nv1 འཕྲད་ v2 ཕྲད་ v3 འཕྲད་ v4 འཕྲད་
ཕྲད་|see འཕྲད་
འཕྲོག་|(TR) to take away, to rob; to deprive of\nv1 འཕྲོག་ v2 ཕྲོགས་ v3 དབྲོག་ v4 ཕྲོགས་
ཕྲོགས་|see འཕྲོག་
དབྲོག་|see འཕྲོག་
ཕྲོགས་|see འཕྲོག་

བ་|cow
བ་ར་བོང་|cow, goat, and ass
བ་ལང་|ox
བ་སུ་མི་ཏྲ་|(PN) Ba-su-mi-tra (Skt. Vasumitra)
བག་མ་|bride
བང་|foot-race
བང་མཛོད་|magazine, treasury
བང་སོ་|tomb, burial mound
བད་ས་ལ་|(PN) Bad-sa-la (Skt. Vatsa)
བབ་|see འབབ་
བབས་|see འབབ་
བར་|1) the middle; 2) middle sphere
བར་འགའ་|sometimes, once
བར་ཆད་|danger
བར་དུ་|(Postp) during, while (+ GEN)
བར་ལ་|(Postp) in the meantime, until (+ ABS / GEN)
བལ་|wool
བལ་པོ་|Nepalese
བལ་ལས་|spinning of wool
བུ་|1) child; 2) son
བུ་སྟོན་རིན་པོ་ཆེ་|(PN) Bu-ston Rin-po-čhe (1290–1364), a Tibetan Buddhist master
བུ་ཕོ་|son
བུ་མོ་|1) daughter; 2) girl
བུ་སྨད་|children and [their] mother
བུ་ཚ་|progeny, offspring, children
བུག་པ་|hole
བུང་བ་|bee
བུད་མེད་|woman
བོང་བུ་|ass
བོད་|(PN) Tibet
བོད་སྐད་|Tibetan language
བོད་པ་|Tibetan (man)
བོད་མོ་|Tibetan (woman)
བོད་ཡིག་|written Tibetan
བོན་|(PN) Bon, an indigenous Tibetan religion
བོན་པོ་|a male adherent of the Bon religion
བོར་|see འབོར་
བོས་|see འབོད་
བྱ་|1) bird; 2) hen
བྱ་|see བྱེད་
བྱ་ཁྲི་|(PN) Bya-khri
བྱ་བ་|1) deed, act, affairs; 2) (so-)called
བྱ་མོ་|hen
བྱ་ཚོགས་|(PN) Bya-chogs, name of a forest
བྱ་རོག་|crow
བྱང་|north
བྱང་ཆུབ་|enlightenment
བྱང་ཆུབ་སེམས་དཔའ་|Skt. bodhisattva
བྱམས་མགོན་|protector of benevolence
བྱམས་པ་|1) kindness, love; 2) (TR) to love (+ DAT); 3) (PN) Byams-pa (Skt. Maitreya)
བྱས་|see བྱེད་
བྱི་|rat
བྱི་|see འབྱི་
བྱིན་|blessing
བྱིན་|see སྦྱིན་
བྱིའུ་|nestling
བྱེའུ་|nestling
བྱིས་པ་|child
བྱུང་|see འབྱུང་
བྱེ་|see འབྱེ་
བྱེད་|(TR) 1) to do, to make, to commit; to prepare; 2) to speak; 3) to act as (+ ABS); 4) to determine; ཁྱིམ་ཐབ་བྱེད་ to establish a family; མཆོད་པ་བྱེད་ to make offerings; གཏམ་བྱེད་ to make a speech; དབང་བྱེད་ to rule (over + DAT); མོས་གུས་བྱེད་ to pay respect; གཙོ་བྱེད་ to lead, to be most prominent; བཅོལ་གཏམས་བྱེད་ to entrust; ཚགས་བྱེད་ to save; ཚེའི་དུས་བྱེད་ to die; ཞེས་བྱ་བ་ called; སོ་ནམ་བྱེད་ to cultivate fields\nv1 བྱེད་ v2 བྱས་ v3 བྱ་ v4 བྱོས་
བྱས་|see བྱེད་
བྱ་|see བྱེད་
བྱོས་|see བྱེད་
བྱེའུ་|see བྱིའུ་
བྱོན་|see འབྱོན་
བྱོས་|see བྱེད་
བྲ་བོ་|buckwheat
བྲག་|rock
བྲག་སྲིན་མོ་|rock-ogress
བྲན་|servant
བྲན་བཟངས་|(PN) Bran-bzaṅs
བྲམ་ཟེ་|Brahmin
བྲལ་|see འབྲལ་
བྲིན་པ་|in demand; precious
བྲིས་|see འབྲི་
བྲེལ་|(INTR) to be separated from, to be without
བྲེས་|manger
བྲོ་བ་|taste
བྲོས་|see འབྲོས་
བླ་|sign, symbol
བླ་|1) (to be) superior, better; 2) what is above
བླ་མ་|lama, teacher
བླང་དོར་|attracting and repelling
བླངས་|see ལེན་
བླུན་པོ་|(N) fool
བློ་|mind, thought
བློ་གྲོས་|1) intelligence, intellect; 2) understanding
བློ་ངན་|evil-minded
བློ་ཆུང་|narrow-minded
བློ་འདོད་|greed
བློ་ལྡན་|intelligent, wise
བློན་ཆེ་|great councillor
བློན་པོ་|minister
དབང་|1) power; 2) (TR) to control, to own
དབང་གིས་|(Postp) perforce (+ GEN)
དབང་པོ་|sense
དབང་མེད་|powerless
དབུ་|(HON for མགོ་) head
དབུ་སྐྲ་|(HON for སྐྲ་) hair
དབུགས་|breath
དབུལ་ཕོངས་|(to be) poor
དབུས་སུ་|(Postp) in the middle of (+ GEN)
དབྱར་|summer
དབྱར་ཀ་|summer
དབྱིག་པ་ཅན་|(PN) Dbyig-pa-čan (Skt. Daṇḍin)
དབྱིངས་|height
དབྱུག་|stick
དབྱུ་གུ་|stick
དབྱུག་གུ་|stick
འབངས་|subject, servant
འབབ་|(INTR) to come down, to descend (C); to fall (NC); དུས་ལ་འབབ་ for the time to come\nv1 འབབ་ v2 བབ་ v3 འབབ་ v4 འབབ་
བབ་|see འབབ་
འབའ་ཞིག་|1) alone, mere; 2) only
འབུགས་ v2 ཕུག་ v3 དབུག་ v4 ཕུག་|(TR) to bore
འབུགས་ v2 ཕུག་ v3 དབུག་ v4 ཕུགས་|(TR) to bore
འབུད་|(TR) to blow\nv1 འབུད་ v2 ཕུས་ v3 དབུ་ v4 ཕུས་
ཕུས་|see འབུད་
དབུ་|see འབུད་
ཕུས་|see འབུད་
འབུམ་|hundred thousand
འབུལ་|(HML for སྦྱིན་ / སྟེར་; TR) to offer\nv1 འབུལ་ v2 ཕུལ་ v3 དབུལ་ v4 ཕུལ་
ཕུལ་|see འབུལ་
དབུལ་|see འབུལ་
ཕུལ་|see འབུལ་
འབོགས་|(TR) to give\nv1 འབོགས་ v2 ཕོག་ v3 དབོག་ v4 ཕོག་
ཕོག་|see འབོགས་
དབོག་|see འབོགས་
ཕོག་|see འབོགས་
འབོད་|(TR) to call, to summon\nv1 འབོད་ v2 བོས་ v3 འབོད་ v4 བོས་
བོས་|see འབོད་
བོས་|see འབོད་
འབོར་|(TR) to leave behind; to abandon; དམོད་འབོར་ to pronounce a prayer\nv1 འབོར་ v2 བོར་ v3 འབོར་ v4 བོར་
བོར་|see འབོར་
བོར་|see འབོར་
འབྱི་|(INTR) to fall off\nv1 འབྱི་ v2 བྱི་ v3 འབྱི་ v4 འབྱི་
བྱི་|see འབྱི་
འབྱིན་|(TR) to cause to come forth / out, to take out\nv1 འབྱིན་ v2 ཕྱུང་ v3 དབྱུང་ v4 ཕྱུང་
ཕྱུང་|see འབྱིན་
དབྱུང་|see འབྱིན་
ཕྱུང་|see འབྱིན་
འབྱུང་|(INTR) 1) to occur, to appear; 2) to happen, to become; 3) to be born (to + DAT); 4) to come out; རབ་ཏུ་འབྱུང་བ་ to join (the religion of Buddha; Skt. pra-√vraj “to go forth, to proceed; to become a monk”)\nv1 འབྱུང་ v2 བྱུང་ v3 འབྱུང་ v4 འབྱུང་
བྱུང་|see འབྱུང་
འབྱུང་པོ་|demon
འབྱེ་|(INTR) 1) to open; 2) to divide\nv1 འབྱེ་ v2 བྱེ་ v3 འབྱེ་ v4 འབྱེ་
བྱེ་|see འབྱེ་
འབྱེད་|(TR) to divide, to separate; to open; ཤན་འབྱེད་ to differ\nv1 འབྱེད་ v2 ཕྱེ་ v3 དབྱེ་ v4 ཕྱེས་
ཕྱེ་|see འབྱེད་
དབྱེ་|see འབྱེད་
ཕྱེས་|see འབྱེད་
འབྱོན་|(HON; INTR) 1) to arrive; 2) to appear; 3) to set off\nv1 འབྱོན་ v2 བྱོན་ v3 འབྱོན་ v4 འབྱོན་
བྱོན་|see འབྱོན་
འབྱོར་ལྡན་|rich
འབྱོར་པ་|wealth
འབྲང་སྙན་ལྡེ་རུ་|(PN) Ɣbraṅ-sñan-lde-ru
འབྲལ་|(INTR) to be deprived (of + COM); སྲོག་དང་འབྲལ་ to die\nv1 འབྲལ་ v2 བྲལ་ v3 འབྲལ་ v4 འབྲལ་
བྲལ་|see འབྲལ་
འབྲི་|(TR) to write\nv1 འབྲི་ v2 བྲིས་ v3 བྲི་ v4 བྲིས་
བྲིས་|see འབྲི་
བྲི་|see འབྲི་
བྲིས་|see འབྲི་
འབྲིང་པོ་|1) (N) the middle one; 2) (A) middle
འབྲུ་|corn
འབྲུག་|dragon
འབྲེལ་|(TR) to unite with, to be associated with (+ COM)
འབྲོང་ཞེར་ལེགས་|(PN) Ɣbroṅ-źer-legs
འབྲོང་རུ་|horn of a wild yak
འབྲོས་|(INTR) to flee\nv1 འབྲོས་ v2 བྲོས་ v3 འབྲོས་ v4 འབྲོས་
བྲོས་|see འབྲོས་
སྦལ་པ་|frog
སྦས་|see སྦེད་
སྦེད་|(TR) to hide, to conceal\nv1 སྦེད་ v2 སྦས་ v3 སྦ་ v4 སྦོས་
སྦས་|see སྦེད་
སྦ་|see སྦེད་
སྦོས་|see སྦེད་
སྦོམ་པོ་|plump
སྦྱར་|see སྦྱོར་
སྦྱིན་|(TR) to give, to bestow, to offer\nv1 སྦྱིན་ v2 བྱིན་ v3 སྦྱིན་ v4 བྱིན་
བྱིན་|see སྦྱིན་
བྱིན་|see སྦྱིན་
སྦྱོར་|(TR) to compare (with + COM); to join\nv1 སྦྱོར་ v2 སྦྱར་ v3 སྦྱར་ v4 སྦྱོར་
སྦྱར་|see སྦྱོར་
སྦྱར་|see སྦྱོར་
སྦྲ་|tent
སྦྲང་རྩི་|honey
སྦྲུལ་|snake

མ་|mother
མ་|(NEG) not
མ་ཐག་|immediately thereafter, right after (+ v2 or +ABS)
མ་ཐག་ཏུ་|immediately thereafter, right after (+ v2 or +ABS)
མ་སྨད་|mother and [her] children
མ་འོངས་པ་|future
མ་རིག་པ་|ignorance
མ་ལུས་པར་|completely
མག་པ་|son-in-law
མང་|(INTR) to be many\nv1 མང་ v2 མངས་ v3 མང་ v4 མང་
མངས་|see མང་
མང་དུ་|many; a lot, much
མང་པོ་|many; numerous
མངས་|see མང་
མར་|butter
མར་པ་|(PN) Mar-pa
མི་|(NEG) not
མི་|man, human being
མི་ཐོད་གད་ཁ་|(PN) Mi-thod-gad-kha, a place name
མི་བརྒྱུད་|lineage
མི་སྙན་|unpleasant
མི་བདག་|false-master, lit. non-master
མི་ནོར་|man’s wealth
མི་ལ་ཤེས་རབ་རྒྱལ་མཚན་|(PN) Mi-la-śes-rab-rgyal-mchan, the father of Mi-la-ras-pa
མི་ལས་|labour
མིག་|eye
མིང་|name
མིང་སྲིང་|brother and sister
མིན་|(NEG COP of ཡིན་) not to be
མིའུ་|dwarf
མུ་ཁྲི་བཙན་པོ་|(PN) Mu-khri-bcan-po
མེ་|fire
མེ་ཁྲི་བཙན་པོ་|(PN) Me-khri-bcan-po
མེ་ཏོག་|flower
མེ་ལོང་|mirror
མེ་ཤིང་|firewood
མེད་|(NEG COP of ཡོད་) 1) not to be, not to exist; 2) not to have
མོ་|1) (3SG F) she; 2) (A) female
མོ་ནོར་|woman’s goods
མོ་མ་|diviner
མོད་|(INTR) to be abundant, to abound
མོས་|(INTR) to take pleasure in (+ DAT)
མོས་གུས་|respect
མྱ་ངན་|affliction, misery; trouble
མྱ་ངན་མེད་|(PN) Mya-ṅan-med (Skt. Aśoka)
མྱ་ངན་ལས་འདས་པ་|Skt. nirvāṇa
མྱང་ཚ་དཀར་རྒྱན་|(PN) Myaṅ-cha-dkar-rgyan, Mi-la-ras-pa’s mother
མྱུར་དུ་|quickly
མྱུར་བ་|quick
མྱུར་བར་|quickly
མྱོང་|(TR) to experience\nv1 མྱོང་ v2 མྱངས་ v3 མྱང་ v4 མྱོང་
མྱངས་|see མྱོང་
མྱང་|see མྱོང་
དམག་|army
དམག་བརྒྱ་པ་|(PN) Dmag-brgya-pa (Skt. Śātānīka)
དམག་པ་|son-in-law
དམར་པོ་|red
དམུས་ལོང་|blind
དམུས་ལོང་དཀོན་པ་བཀྲ་|(PN) Dmus-loṅ-dkon-pa-bkra
དམོད་|prayer
དམྱལ་བ་|hell
རྨི་|(TR) to dream; སྙམ་རྨི་ to dream\nv1 རྨི་ v2 རྨིས་ v3 རྨི་ v4 རྨི་
རྨིས་|see རྨི་
རྨི་ལམ་|dream
རྨུ་ཐག་|རྨུ་-rope
རྨོ་|(TR) to sow and plough\nv1 རྨོ་ v2 རྨོས་ v3 རྨོ་ v4 རྨོས་
རྨོས་|see རྨོ་
རྨོས་|see རྨོ་
རྨོང་|(INTR) to get confused\nv1 རྨོང་ v2 རྨོངས་ v3 རྨོང་ v4 རྨོང་
རྨོངས་|see རྨོང་
རྨོངས་|see རྨོང་
རྨོངས་པ་|(N) ignorant
རྨོས་|see རྨོ་
སྨན་|medicine, herb
སྨན་པ་|physician
སྨིན་|ripe
སྨོན་|(TR) to desire (+ DAT)
སྨྱུ་གུ་|reed-pen
སྨྱུག་མ་|reed
སྨྲ་|(TR) to speak; to say\nv1 སྨྲ་ v2 སྨྲས་ v3 སྨྲས་ v4 སྨྲོས་
སྨྲས་|see སྨྲ་
སྨྲས་|see སྨྲ་
སྨྲོས་|see སྨྲ་
སྨྲས་|see སྨྲ་
སྨྲེ་སྔགས་|lamentation
སྨྲོས་|see སྨྲ་

ཙམ་|(DET) mere, only; as much as, about
ཙམ་དུ་|1) as if, like; 2) like that
ཙོང་ཁ་|(PN) Coṅ-kha, historical region east of the Kokonor Lake
ཙོང་ཁ་པ་|(PN) Coṅ-kha-pa, a renown Tibetan Buddhist teacher
གཙང་མ་|clean
གཙུག་|crown of the head
གཙེ་|(TR) to harm, to torment\nv1 གཙེ་ v2 གཙེས་ v3 གཙེ་ v4 གཙེ་
གཙེས་|see གཙེ་
གཙེས་|see གཙེ་
གཙོ་བོ་|the best, eminent one
བཙན་|(PN) Bcan, name of a Tibetan dynasty
བཙན་ཐང་གོང་མ་|(PN) Bcan-thaṅ-goṅ-ma, name of a plain
བཙན་པོ་|emperor in the Tibetan Empire
བཙའ་|(INTR) to bring forth\nv1 བཙའ་ v2 བཙས་ v3 བཙའ་ v4 བཙའ་
བཙས་|see བཙའ་
བཙལ་|see འཚོལ་
བཙས་|see བཙའ་
བཙུན་པ་|respectable, noble
བཙུན་མོ་|queen
བཙོན་|prisoner
བཙོན་ར་|prison
བཙོས་|see འཚོད་
རྩ་|1) foot (of a mountain etc.); 2) place
རྩ་|(PN) Rca, a place name
རྩར་|(Postp) before, in front of (+ GEN)
རྩལ་|physical skills
རྩིག་|(TR) to built, to erect\nv1 རྩིག་ v2 བརྩིགས་ v3 བརྩིག་ v4 རྩིགས་
བརྩིགས་|see རྩིག་
བརྩིག་|see རྩིག་
རྩིགས་|see རྩིག་
རྩིག་པ་|wall
རྩིས་|divination
རྩེ་|(INTR) to play\nv1 རྩེ་ v2 རྩེས་ v3 རྩེ་ v4 རྩེས་
རྩེས་|see རྩེ་
རྩེས་|see རྩེ་
རྩེ་|summit
རྩེ་མོ་|summit
རྩེའུ་|thorn
རྩོག་པ་|dirty
རྩོག་རྩོག་པ་|completely nasty, messed
རྩོད་|(TR) to argue, to debate (about + DAT)\nv1 རྩོད་ v2 བརྩད་ v3 རྩོད་ v4 རྩོད་
བརྩད་|see རྩོད་
རྩོད་པ་|conflict
རྩོམ་|(TR) to plan, to commence\nv1 རྩོམ་ v2 བརྩམས་ v3 བརྩམ་ v4 རྩོམས་
བརྩམས་|see རྩོམ་
བརྩམ་|see རྩོམ་
རྩོམས་|see རྩོམ་
རྩྭ་ཁ་|grass
སྩལ་|see སྩོལ་
སྩོལ་|(HON) to give, to bestow; བཀའ་སྩོལ་ (HON) to speak, to order\nv1 སྩོལ་ v2 སྩལ་ v3 སྩལ་ v4 སྩོལ་
སྩལ་|see སྩོལ་
སྩལ་|see སྩོལ་
བརྩད་|see རྩོད་
བརྩམས་|see རྩོམ་
བརྩིགས་|see རྩིག་
བརྩེ་|(INTR) to love
བརྩོན་འགྲུས་|effort; diligence

ཚ་|hot
ཚ་|see ཚྭ་
ཚ་ལེ་|alum
ཚགས་|see s.v. བྱེད་
ཚང་|den
ཚད་|(N) all
ཚད་མེད་པ་|immeasurable
ཚབས་|very great
ཚལ་|forest
ཚལ་བ་|splinter
ཚིག་|word
ཚིམ་པ་|satisfied
ཚུགས་|(TR) to harm
ཚུགས་|see འཚུགས་
ཚུད་|see འཚུད་
ཚུར་|here, hither
ཚུལ་|way, manner
ཚུལ་དུ་|(Postp) like ( + GEN)
ཚེ་|1) time; 2) life
ཚེ་དང་ལྡན་པ་|elder, venerable (a title)
ཚེ་འཛུགས་|she-goat
ཚེ་སྲོག་|life
ཚེས་|day
ཚོགས་|crowd, troop
ཚོགས་|see འཚོགས་
ཚོང་|trade
ཚོད་|the right amount / measure
ཚོན་|paint
ཚོར་|(TR) to recognise, to perceive
ཚོལ་|see འཚོལ་
ཚོལ་བ་|search
ཚྭ་|salt
མཚན་|1) (HON for མིང་) name; 2) characteristic mark, sign
མཚམས་སུ་|(Postp) between (+ ABS)
མཚར་བ་|beautiful
མཚོ་|lake
འཚང་|(INTR) to recover, to wake up\nv1 འཚང་ v2 སངས་ v3 འཚང་ v4 འཚང་
སངས་|see འཚང་
འཚལ་|(TR) to wish; ཕྱག་འཚལ་ to pay homage
འཚུགས་|(INTR) to be settled / established\nv1 འཚུགས་ v2 ཚུགས་ v3 འཚུགས་ v4 འཚུགས་
ཚུགས་|see འཚུགས་
འཚུད་|(INTR) to enter\nv1 འཚུད་ v2 ཚུད་ v3 འཚུད་ v4 འཚུད་
ཚུད་|see འཚུད་
འཚེ་|(TR) to hurt\nv1 འཚེ་ v2 བཙེས་ v3 བཙེ་ v4 འཚེ་
བཙེས་|see འཚེ་
བཙེ་|see འཚེ་
འཚོ་|(INTR) to remain alive; to recover (from illness)\nv1 འཚོ་ v2 སོས་ v3 འཚོ་ v4 སོས་
སོས་|see འཚོ་
སོས་|see འཚོ་
འཚོ་|(TR) 1) to take care; 2) to tend; སྲིད་འཚོ་ to rule a dominion\nv1 འཚོ་ v2 བསོས་ v3 བསོ་ v4 འཚོ་
བསོས་|see འཚོ་
བསོ་|see འཚོ་
འཚོགས་|(INTR) to gather\nv1 འཚོགས་ v2 ཚོགས་ v3 འཚོགས་ v4 ཚོགས་
ཚོགས་|see འཚོགས་
ཚོགས་|see འཚོགས་
འཚོད་|(TR) to cook, to roast, to brew\nv1 འཚོད་ v2 བཙོས་ v3 བཙོ་ v4 ཚོས་
བཙོས་|see འཚོད་
བཙོ་|see འཚོད་
ཚོས་|see འཚོད་
འཚོལ་|(TR) 1) to get, to obtain; 2) to search\nv1 འཚོལ་ v2 བཙལ་ v3 བཙལ་ v4 ཚོལ་
བཙལ་|see འཚོལ་
བཙལ་|see འཚོལ་
ཚོལ་|see འཚོལ་

མཛངས་|wise
མཛད་|(HON for བྱེད་; TR) to do; to act (as + ABS); སྐྱབས་མཛད་ to protect, to save; གཙོ་མཛད་ to lead, to be most prominent; བརྩོན་འགྲུས་མཛད་ to strain oneself\nv1 མཛད་ v2 མཛད་ v3 མཛད་ v4 མཛོད་
མཛོད་|see མཛད་
མཛད་པ་|(HON) deed
མཛའ་བོ་|lover
མཛུབ་མོ་|fore-finger
མཛེ་|leprosy
མཛེས་པ་|(PN) Mȷes-pa
མཛེས་སེ་|(PN) Mȷes-se
མཛོ་|mȷo, a hybrid between yak and domestic cattle
མཛོད་|cache, repository
མཛོད་|see མཛད་
འཛད་|(INTR) 1) to be consumed; to disappear; 2) to run out; མ་ཟད་ not only\nv1 འཛད་ v2 ཟད་ v3 འཛད་ v4 འཛད་
ཟད་|see འཛད་
འཛམ་བུ་གླིང་|continent (Skt. Jambūdvīpa, name of the Indian continent in Buddhist cosmology)
འཛིན་|(TR) 1) to seize, to grasp, to hold; to take over; 2) to take sth. (DAT) as (TERM); ཡིད་ལ་འཛིན་ to take to [one’s] mind\nv1 འཛིན་ v2 བཟུང་ v3 གཟུང་ v4 ཟུངས་
བཟུང་|see འཛིན་
གཟུང་|see འཛིན་
ཟུངས་|see འཛིན་
འཛུགས་|(TR) to place\nv1 འཛུགས་ v2 བཙུགས་ v3 གཟུགས་ v4 ཟུགས་
བཙུགས་|see འཛུགས་
གཟུགས་|see འཛུགས་
ཟུགས་|see འཛུགས་
འཛེམ་མེད་|one having no shame
རྫ་|silt
རྫས་|object
རྫིའུ་|herdsman
རྫུ་འཕྲུལ་|magic tricks, miracles

ཝ་རོ་|fox cadaver

ཞག་|day
ཞང་མདའ་|(PN) Źaṅ-mdaɣ
ཞང་པོ་|maternal uncle
ཞང་ཞུང་|(PN) Źaṅ-źuṅ, name of an ancient polity
ཞན་པ་|ordinary
ཞབས་|(HON for རྐང་པ་) foot
ཞལ་|(HON for ཁ་) mouth
ཞལ་ཆེ་|judgement
ཞལ་ཆེ་པ་|judge
ཞལ་ཆེམས་|(HON for ཁ་ཆེམས་) testament
ཞལ་འཛུམ་|(HON) smile
ཞི་|(INTR) to be calm
ཞིང་|field
ཞིང་སྐལ་|field-share
ཞིང་པ་|peasant
ཞིང་ལས་|field-work
ཞིབ་པ་|exact
ཞིབ་པར་|minutely
ཞུ་|(HML for ཟེར་ / སྨྲ་) 1) to speak; 2) to ask\nv1 ཞུ་ v2 ཞུས་ v3 ཞུ་ v4 ཞུ་
ཞུས་|see ཞུ་
ཞུགས་|see འཇུག་
ཞུགས་|(HON for མེ་) fire
ཞུས་|see ཞུ་
ཞེ་སྡང་|hatred
ཞེན་|(INTR) 1) to fix, to penetrate; 2) to long for (+ DAT)
ཞེས་པ་ལྟར་|as the so-called
གཞན་|1) (A) other; foreign; 2) (N) the other
གཞན་དུ་|differently
གཞན་ཡང་|furthermore
གཞི་|cause
གཞི་མ་|foundation
གཞུང་|middle
གཞུན་པོ་|excellent
གཞོན་|young
གཞོན་ནུ་|1) (N) a youth ; 2) (A) young
བཞག་|see འཇོག་
བཞམས་|(TR) to calm down, appease
བཞི་|four
བཞི་བཅུ་|fourty
བཞིན་|face
བཞིན་|(Postp) according to, in accordance with; like (+ ABS)
བཞིན་དུ་|(Postp) according to; like (+ ABS)
བཞུགས་|(HON for འདུག་; INTR) 1) to stay, abide; to sit; 2) to be alive
བཞུས་|see འཇུ་
བཞེངས་|(HON; INTR) to rise, get up
བཞེས་|(HON for ལེན་; TR) to take; ཐུགས་ཉམས་སུ་བཞེས་ to experience, to practise
བཞོན་པ་|riding-beast

ཟ་ v2 བཟས་|(TR) to eat; ཟན་ཟ་ (INTR) to eat
ཟོས་ v3 བཟའ་ v4 ཟོ་|(TR) to eat; ཟན་ཟ་ (INTR) to eat
ཟ་ v2 བཟས་|(TR) to eat; ཟན་ཟ་ (INTR) to eat
ཟོས་ v3 བཟའ་ v4 ཟོས་|(TR) to eat; ཟན་ཟ་ (INTR) to eat
ཟ་ནམ་ཟིན་ཏེ་|(PN) Za-nam-zin-te
ཟངས་|copper
ཟངས་རྡོ་|copper-ore
ཟད་|see འཛད་
ཟད་པར་|completely
ཟན་|food
ཟབ་པ་|(to be) deep
ཟབ་མོ་|profound
ཟ་རི་ཟི་རི་|confused
ཟར་རི་ཟིར་རི་|confused
ཟས་|food
ཟས་གཙང་མ་|(PN) Zas-gcaṅ-ma (Skt. Śuddhodana)
ཟིན་|(INTR) 1) to be seized with, to be taken over by (+ ERG); 2) to finish
ཟིལ་པ་|dew
ཟུག་རྔུ་|grief
ཟུངས་|see འཛིན་
ཟུར་|outline
ཟུར་ནས་|(Adv) for one’s part
ཟེར་|(TR) 1) to say; 2) to call
ཟེར་བ་|saying
ཟོ་|see ཟ་
ཟོ་དང་གོང་པོ་རི་|(PN) Zo-daṅ-goṅ-po-ri
ཟོས་|see ཟ་
ཟླ་བ་|month
ཟླ་བ་|(PN) Zla-ba
གཟིགས་|(HON for མཐོང་ / ལྟ་; TR) 1) to see; to look (at / in + DAT); 2) to regard
གཟིར་|(INTR) 1) to be pained, to suffer; 2) to be harassed, troubled
གཟུག་|quarter share
གཟུགས་|1) body; 2) shape
གཟུགས་ཅན་སྙིང་པོ་|(PN) Gzugs-čan-sñiṅ-po (Skt. Bimbisāra)
གཟེ་རུ་ |small nail
གཟེར་|nail
གཟེར་བུ་|small nail
བཟང་|(to be) good
བཟང་པོ་|excellent, good
བཟའ་བ་|food
བཟའ་མི་|husband and wife
བཟུང་|see འཛིན་

འ་ཅི་|(PN) Ɣa-či, name of an ancient polity in Central Asia
འུ་ཅག་|(1PL) we
འུ་བུ་ཅག་|(1PL) we
འུམ་བུ་གླང་མཁར་|(PN) Ɣum-bu-glaṅ-mkhar
འོ་སྐོལ་|(1PL) we
འོ་བརྒྱལ་|difficulty, trouble
འོ་ཅག་|(1PL) we
འོ་ན་|(Intrj) well; now then
འོ་མ་|milk
འོ་ལགས་སོ་|very well, all right
འོག་|1) nether sphere; 2) ground floor
འོག་ཏུ་|(Postp) after (+ GEN)
འོག་ན་|1) (Adv) below, underneath; 2) (Postp) below (+ GEN)
འོང་|(INTR) 1) to come; 2) to become, to be; ལེགས་པར་འོངས་སོ་ lit. “[You] have arrived well” (an official greetings formula of an admission to the Buddhist order)\nv1 འོང་ v2 འོངས་ v3 འོང་ v4 འོང་
འོངས་|see འོང་
འོངས་|see འོང་
འོད་|light
འོད་ཟེར་|ray
འོན་ཏེ་|or if not, or else, or also
འོར་མ་|(PN) Ɣor-ma
འོས་|(INTR) to be suitable

ཡང་|(Adv) 1) again; 2) still, more; 3) further
ཡང་དག་|really
ཡང་ན་|or
ཡང་ཡང་|again and again
ཡན་|(Postp) up to (+ ABS)
ཡན་ལ་|(Postp) till (+ ABS)
ཡན་ལག་|limb
ཡབ་|(HON for ཕ་) father
ཡབ་མེས་|ancestors
ཡབ་ཡུམ་|(HON for ཕ་མ་) 1) father and mother; 2) parents
ཡར་|up, upward
ཡར་ལུངས་|(PN) Yar-luṅs, historical region in Central Tibet
ཡར་ལྷ་ཤམ་པོ་|(PN) Yar-lha-śam-po, name of a mountain and its mountain deity
ཡལ་|(INTR) to disappear
ཡི་|mind; see ཡིད་
ཡི་གེ་|(written) text; letter
ཡི་དགས་|hungry ghost
ཡི་མུག་|(INTR) to despair, to be tormented
ཡིག་ཚང་|document
ཡིད་|1) mind; 2) heart
ཡིན་|(COP) to be
ཡུག་|piece of cloth
ཡུང་བ་|turmeric
ཡུན་|time
ཡུན་རིང་དུ་|(Adv) for a long time
ཡུམ་|(HON for མ་) mother
ཡུར་|channel
ཡུལ་|region, country, land
ཡུལ་ཁམས་|country
ཡུལ་མི་|countryman
ཡུས་|blame
ཡོང་|(INTR) to come\nv1 ཡོང་ v2 ཡོངས་ v3 ཡོང་ v4 ཡོང་
ཡོངས་|see ཡོང་
ཡོངས་སུ་འགྲོལ་|(INTR) to become absolutely free\nv1 ཡོངས་སུ་འགྲོལ་ v2 གྲོལ་ v3 ཡོངས་སུ་འགྲོལ་ v4 ཡོངས་སུ་འགྲོལ་
གྲོལ་|see ཡོངས་སུ་འགྲོལ་
ཡོངས་སུ་ལེན་|see ལེན་
ཡོད་|(COP) 1) to be, to exist; 2) to have
ཡོན་ཏན་|1) (excellent) quality, virtue; 2) good skill
ཡོན་ཏན་ཅན་|excellent
ཡོས་|hare
གཡག་|yak
གཡང་|prosperity, fortune
གཡའ་|slate
གཡར་|1) (TR) to borrow; 2) loan
གཡས་|(A) right
གཡུ་|turquoise
གཡུང་དྲུང་|(PN) G.yuṅ-druṅ, school of Bon religion
གཡོག་|servant
གཡོག་|(TR) to cover\nv1 གཡོག་ v2 གཡོགས་ v3 གཡོག་ v4 གཡོག་
གཡོགས་|see གཡོག་
གཡོག་མོ་|female servant
གཡོགས་|see གཡོག་
གཡོན་|left

ར་|goat
ར་མདའ་|help
རང་|1) self; itself; 2) own; 3) merely
རང་|(INTR) to rejoice; རྗེས་སུ་ཡི་རང་ to rejoice; ཡི་རང་ to rejoice, to be happy (about + DAT)\nv1 རང་ v2 རངས་ v3 རང་ v4 རང་
རངས་|see རང་
རང་ཉིད་|1) just; 2) oneself
རང་རེ་|(1PL INCL) we
རང་ལས་|one’s own worker
རངས་|see རང་
རན་|(INTR) to be right (to do sth. + v3 )
རབ་|1) the eldest; 2) the best; 2) eldest;
རབ་ཏུ་|very
རབ་ཏུ་བྱེད་པ་|chapter (Skt. prakaraṇa)
རབ་བྱུང་|a cycle of sixty years
རལ་གྲི་|sword
རལ་པ་|lock
རལ་བ་|torn
རས་|cotton cloth
རས་ཆུང་པ་|(PN) Ras-čhuṅ-pa
རི་|mountain
རི་དྭགས་|animals
རི་བོ་|mountain
རི་བོང་|hare
རི་མོ་|picture
རི་རབ་|(PN) Ri-rab, a mountain in Indian cosmology (Skt. Sumeru)
རི་ལུ་ |globula, pill
རིག་གནས་|science
རིག་པ་|knowledge
རིག་འཛིན་|knowledge holder (Skt. vidyādhara)
རིགས་|1) family, lineage; race; state; 2) kind
རིགས་|(INTR) 1) to have the way, manner, to be suitable / right / appropriate (+ GEN / TERM); 2) (MOD) must
རིགས་རྒྱུད་|race
རིགས་ངན་|hangman
རིགས་མཐུན་|of one breed, lit. agreeing in kind
རིགས་པ་|method
རིང་|(INTR) to be long\nv1 རིང་ v2 རིངས་ v3 རིང་ v4 རིང་
རིངས་|see རིང་
རིང་པོ་|1) long; 2) far away
རིང་པོར་|(Adv) long
རིང་ཞིག་|long time
རིང་ཞིག་ཏུ་|(Adv) for a long time
རིང་ལ་|(Postp) when, during (+ ABS)
རིད་པ་|(to be) meagre, emaciated
རིན་ཆེ་|see རིན་པོ་ཆེ་
རིན་པོ་ཆེ་|(N) jewel, precious stone; (A) precious
རིམ་གྱིས་ |successively, in a row
རིམ་པ་|row
རིམ་པར་|in succession
རིམས་|plague
རིལ་བ་|round
རིལ་བུ་|globula, pill
རུ་ལ་སྐྱེས་|(PN) Ru-la-skyes
རུང་|(INTR) to be suitable; to be worth
རུས་པ་|bone
རུས་བུ་|small bone
རེ་|(DET) each, every; single
རེ་|(TR) to wish
རེ་རེ་ནས་|individually
རེས་|once
རོ་|body, corpse
རོག་པོ་|black
རོད་|constitution
རྭ་|horn
རློན་པ་|fresh
རློབ་|བྱིན་གྱིས་རློབ་ (TR) to bless, to grant (one’s) blessing\nv1 རློབ་ v2 བརླབས་ v3 བརླབ་ v4 རློབས་
བརླབས་|see རློབ་
བརླབ་|see རློབ་
རློབས་|see རློབ་
བརླབས་|see རློབ་

ལག་|hand, arm
ལག་པ་|hand, arm
ལག་མགོ་|fist
ལག་བཅུད་ཆེ་|excellent housewife (contextual translation)
ལག་དཔོན་|constructor
ལགས་|(HON for ཡིན་; COP) to be
ལགས་|(HON address) dear
ལང་|(INTR) to rise, stand up\nv1 ལང་ v2 ལངས་ v3 ལང་ v4 ལང་
ལངས་|see ལང་
ལངས་|see ལང་
ལན་|time, turn
ལན་འགའ་|sometimes
ལན་ཅིག་ཕྱིར་མི་ལྡོག་པ་|lit. one who does not come back again (Skt. anāgāmin)
ལབ་|gossip
ལམ་|road, way
ལར་|but
ལས་|1) work; 2) (previous) action (Skt. karman)
ལས་ཀ་ |work
ལས་བསྐོས་|fate
ལིངས་|hunting
ལུག་|sheep
ལུ་གུ་|lamb
ལུག་གུ་|lamb
ལུག་ཟླ་|sheep-month
ལུགས་|tradition
ལུང་|prophecy
ལུང་རིངས་|(PN) Luṅ-riṅs, a place name
ལུས་|1) body; 2) life
ལུས་|(INTR) to be remaining, left
ལུས་སྟོབས་|physical strength
ལུས་མེད་པར་|completely, lit. so that there are no remains
ལུས་སྲོག་|body and life
ལེགས་|(to be) good
ལེགས་|(PN) Legs, name of a Tibetan dynasty
ལེགས་པ་|1) good, correct; 2) good deed
ལེགས་པར་|well
ལེགས་པར་བཤད་པ་|aphorism, lit. well-said-one
ལེགས་བཤད་|see ལེགས་པར་བཤད་པ་
ལེན་ v2 བླངས་ v3 བླང་ v4 ལོང་|(TR) 1) to obtain; to accept; 2) to take; 3) to take away; 4) to attract; ཡོངས་སུ་ལེན་ to accept
ལེན་ v2 བླངས་ v3 བླང་ v4 ལོངས་|(TR) 1) to obtain; to accept; 2) to take; 3) to take away; 4) to attract; ཡོངས་སུ་ལེན་ to accept
ལེའུ་|chapter
ལོ་|year
ལོ་རྒྱུས་|account; life story
ལོ་ཐོག་|harvest, crop
ལོ་མ་|leaf
ལོག་|(INTR) to turn; གཉིད་ལོག་ to fall asleep
ལོང་|see ལེན་
ལོང་ངམ་|see ལོང་ངམ་རྟ་རྫི་
ལོང་ངམ་རྟ་རྫི་|(PN) Loṅ-ṅam-rta-rȷi
ལོང་བ་|blind
ལོངས་སྤྱོད་|(TR) to use
ལོན་|(INTR) to elapse, to pass (of time + ABS)

ཤ་|1) flesh, meat; 2) body
ཤ་ཀོ་ཏ་ཀ་|a tree species (Skt. śākhoṭaka)
ཤ་བཀྲག་|body-beauty
ཤ་ཁོག་|body of a slaughtered animal
ཤ་ཁྲི་|(PN) Śa-khri
ཤན་|difference
ཤམ་ཐབས་|lower garment
ཤར་|see འཆར་
ཤི་|see འཆི་
ཤིག་སྲོ་|louse and nit
ཤིང་|1) wood; 2) tree
ཤིང་མཁན་|carpenter
ཤིང་རྟ་|chariot
ཤིང་རྟ་ཆེན་པོ་|(PN) Śiṅ-rta-čhen-po
ཤིང་ཐོག་|fruit (of trees)
ཤིང་ནགས་|forest
ཤིང་ལོ་|tree-leaf
ཤིན་ཏུ་|very
ཤུགས་རིང་|sigh
ཤུལ་|empty place
ཤེས་|(TR) 1) to know, be aware of; 2) to recognise, to realise; (MOD) to be able, capable; can; ངོ་ཤེས་ to realise, to recognise
ཤེས་པ་ |intelligent
ཤེས་བྱ་|subject matter of knowledge
ཤེས་རབ་|understanding, wisdom
ཤེས་རབ་ལྡན་པ་|sage
ཤེས་རིག་|knowledge
ཤོག་|see གཤེགས་
ཤོམ་|(TR) to prepare\nv1 ཤོམ་ v2 བཤམས་ v3 བཤམ་ v4 ཤོམས་
བཤམས་|see ཤོམ་
བཤམ་|see ཤོམ་
ཤོམས་|see ཤོམ་
ཤོས་|the other (of two)
ཤཱཀྱ་ཐུབ་པ་|(PN) Śākyamuni
ཤཱཀྱ་རི་བྲག་པ་|(PN) Mountain-Śākya
གཤའ་མ་|righteous
གཤེ་|(INTR) to inveigh (against + DAT)\nv1 གཤེ་ v2 གཤེས་ v3 གཤེ་ v4 གཤེ་
གཤེས་|see གཤེ་
གཤེགས་|(HON for འོང་ / འགྲོ་; INTR) to come, to go\nv1 གཤེགས་ v2 གཤེགས་ v3 གཤེགས་ v4 ཤོག་
ཤོག་|see གཤེགས་
གཤེགས་རྫོངས་|(HON) farewell ceremony
གཤེན་རབ་མི་བོ་|(PN) Gśen-rab-mi-bo, a legendary founder of the Bon religion
གཤོལ་|plough
བཤད་|see འཆད་
བཤམ་|see ཤོམ་
བཤིག་|see འཇིག་
བཤེས་གཉེན་|spiritual friend (Skt. kalyāṇamitra)

ས་|1) earth; 2) place; 3) ground; 4) terrestrial sphere
ས་ག་|(PN) name of a lunar mansion (Skt. vaiśākha)
ས་རྟ་|Earth-Horse (year)
ས་ཕུང་|mass of soil
ས་བོན་|seeds
ས་རི་|(PN) name of a lunar mansion (Skt. svātī)
སངས་|see འཚང་
སངས་རྒྱས་|Buddha
སད་|(INTR) to wake up; གཉིད་སད་ to wake up
སུ་|(INT) who?
སུ་ཡང་|anybody
སུམ་ཅུ་|thirty
སུམ་ཅུ་དགུ་པ་|thirty-ninth
སེ་|nugget
སེ་གོལ་|snapping one’s fingers
སེ་སྣོལ་ནམ་ལྡེ་|(PN) Se-snol-nam-lde
སེ་འུ་|pomegranate
སེང་གེ་|lion
སེང་སེང་|thin
སེམས་|1) (TR) to think (about / of + DAT as + TERM); སྙམ་སེམས་ to think; 2) .1) mind; 2) thought; 3) heart\nv1 སེམས་ v2 བསམས་ v3 བསམ་ v4 སོམས་
བསམས་|see སེམས་
བསམ་|see སེམས་
སོམས་|see སེམས་
སེམས་ཅན་|living / sentient being
སེམས་ཅན་ཆེན་པོ་|(PN) Sems-čan-čhen-po
སེམས་ཅན་དམྱལ་བ་|hell
སེམས་ཆུང་|timid
སེམས་གསོ་|consolation
སེར་ག་|crack, fissure
སེར་པོ་|yellow
སེལ་བ་|(TR) to clean away
སོ་ནམ་|agriculture
སོ་|1) tooth; 2) tooth
སོ་ཁྲི་བཙན་པོ་|(PN) So-khri-bcan-po
སོ་སྒྲ་|whistling through the teeth
སོ་ནམ་|agriculture
སོ་བ་|unhusked barley
སོ་མ་|new
སོ་ཚིས་|housekeeping
སོ་སོ་|everyone
སོ་སོ་ནས་|individually
སོ་སོར་|separately
སོག་|see གསོག་
སོག་ཁ་|scapula
སོགས་|and so forth; such as, including, among others (+ DAT / ABS)
སོང་|see འགྲོ་
སོལ་བ་|charcoal
སོས་|see གསོ་
སྲན་མ་|beans
སྲས་|(HON for བུ་) son
སྲིང་མོ་|sister
སྲིད་|1) (COP) 1) to exist, to be; 2) to be possible, to be able; 2) (N) dominion
སྲིད་པ་|existence
སྲིད་གསུམ་|triple world
སྲིན་པོ་|demon
སྲིན་མོ་|demoness
སྲིབ་ཁྲི་བཙན་པོ་|(PN) Srib-khri-bcan-po
སྲུང་|(TR) to guard, to protect\nv1 སྲུང་ v2 བསྲུངས་ v3 བསྲུང་ v4 སྲུངས་
བསྲུངས་|see སྲུང་
བསྲུང་|see སྲུང་
སྲུངས་|see སྲུང་
སྲེག་|(TR) to burn\nv1 སྲེག་ v2 བསྲེགས་ v3 བསྲེག་ v4 སྲེགས་
བསྲེགས་|see སྲེག་
བསྲེག་|see སྲེག་
སྲེགས་|see སྲེག་
སྲོག་|life
སྲོག་ཆགས་|living / animated being, animal
སླ་བ་|easy
སླད་|back part; སླད་བཞིན་པར་ behind
སླད་དུ་|(Postp) on account of; in order to (+ GEN)
སླར་|(Adv) back
སླས་|retinue
སླུ་|(TR) to entice, to deceive, to bewitch\nv1 སླུ་ v2 བསླུས་ v3 བསླུ་ v4 སླུས་
བསླུས་|see སླུ་
བསླུ་|see སླུ་
སླུས་|see སླུ་
སློང་|(TR) 1) to ask, to order; 2) to beg\nv1 སློང་ v2 བསླངས་ v3 བསླང་ v4 སློངས་
བསླངས་|see སློང་
བསླང་|see སློང་
སློངས་|see སློང་
སློངས་|begging
སློབ་|(TR) to learn, to study\nv1 སློབ་ v2 བསླབས་ v3 བསླབ་ v4 སློབས་
བསླབས་|see སློབ་
བསླབ་|see སློབ་
སློབས་|see སློབ་
སློབ་དཔོན་|teacher
གསད་|see གསོད་
གསན་|(HON for ཉན་; TR) to hear, to listen; སྙན་གསན་ to listen
གསལ་|(to be) clear, visible
གསལ་རྒྱལ་|(PN) Gsal-rgyal (Skt. Prasenajit)
གསུང་|(HON for ཟེར་ / སྨྲ་; TR) to speak, to say, to proclaim\nv1 གསུང་ v2 གསུངས་ v3 གསུང་ v4 གསུང་
གསུངས་|see གསུང་
གསུང་ངག་|(HON for ངག་) wording
གསུངས་|see གསུང་
གསུམ་|three
གསུམ་ཀ་|a trio, the three
གསུམ་པ་|a few
གསུམ་པོ་|a trio, a group of three
གསེར་|gold
གསོ་|(TR) 1) to take care; to train; 2) to rear, to nourish; 3) to cure; to restore; ངལ་གསོ་ to rest, to take a rest; སེམས་གསོ་ to console\nv1 གསོ་ v2 གསོས་ v3 བསོ་ v4 སོས་
གསོས་|see གསོ་
བསོ་|see གསོ་
སོས་|see གསོ་
གསོག་|(TR) to gather\nv1 གསོག་ v2 བསགས་ v3 བསག་ v4 སོགས་
བསགས་|see གསོག་
བསག་|see གསོག་
སོགས་|see གསོག་
གསོད་|(TR) to kill\nv1 གསོད་ v2 བསད་ v3 གསད་ v4 སོད་
བསད་|see གསོད་
གསད་|see གསོད་
སོད་|see གསོད་
གསོན་མཆད་ཟླུམ་པོ་|(PN) Gson-mčhad-zlum-po, name of a grave
གསོན་པོ་|(A) alive
གསོན་པོར་|(Adv) alive
གསོལ་|(HML; TR) 1) to request; 2) to speak
གསོལ་བ་|request
བསགས་|see གསོག་
བསད་|see གསོད་
བསམ་|thought
བསམ་པ་|thought
བསམས་|see སེམས་
བསུ་|(TR) to join\nv1 བསུ་ v2 བསུས་ v3 བསུ་ v4 བསུས་
བསུས་|see བསུ་
བསུས་|see བསུ་
བསོ་|see གསོ་
བསོད་སྙོམས་|alms
བསོད་ནམས་|virtue, merit
བསྲུང་|see སྲུང་
བསྲུངས་|see སྲུང་
བསྲེགས་|see སྲེག་
བསླང་|see སློང་
བསླངས་|see སློང་
བསླབ་|see སློབ་
བསླབས་|see སློབ་
བསླུས་|see སླུ་

ཧ་ཅང་|very
ཧར་|suddenly
ཧྲུལ་བ་|tattered
ལྷ་|1) deity; 2) lord
ལྷ་ཆེན་པོ་|(PN) Lha-čhen-po
ལྷ་ཐོ་ཐོ་རི་སྙན་ཤལ་|(PN) Lha-tho-tho-ri-sñan-śal
ལྷ་མ་ཡིན་|semi-god
ལྷ་མོ་|1) goddess; 2) queen
ལྷ་རི་རོལ་པོ་|(PN) Lha-ri-rol-po, a mountain
ལྷ་སྲས་|divine son, son of the gods
ལྷག་|the rest, remains
ལྷག་པར་|more
ལྷག་ལུས་|the rest, remains
ལྷག་མ་|remnant
ལྷགས་|(INTR) to come together
ལྷན་དུ་|at the same time
ལྷབ་ལྷུབ་|wide, flowing
ལྷམ་|shoe
ལྷུ་|minor share
ལྷུང་|see ལྟུང་
ལྷུང་བཟེད་|alms-bowl
ལྷུབ་|width

ཨ་ཁུ་|paternal uncle
ཨ་ནེ་|aunt
ཨ་མ་|mother
ཨ་ཞང་|maternal uncle
ཨ་ཤོ་ལེགས་|(PN) Qa-śo-legs
ཨི་ཤོ་ལེགས་|(PN) Qi-śo-legs
