སྐྱེ་བ་གཅིག་གིས་ཐོགས་པ|one hindered by one birth
སྐད་ཅིག་མ་གཅིག|an instant
བཀོད་པ་གཅིག་པའི་ཏིང་ངེ|meditative stabilization of
འཛིན|single arrangement
ཐེག་པ་གཅིག་པ|single vehicle
དུས་གཅིག་ན|once; on a certain time
བར་ཆད་གཅིག་པ|one interruption
དཔག་ཚད་གཅིག|a length of 500 armspans
མི་དགེ་བའི་ས་མང་གཉིས|2 bases of big unvirtuous mental factors
ངོ་ཚ་མེད་པ|non-shame
ཁྲེལ་མེད་པ|non-embarrassment
རིམ་པ་གཉིས|2 stages of tantric practice
བསྐྱེད་རིམ|generation stage
རྫོགས་རིམ|completion stage
དོན་གཉིས|2 purposes
རང་དོན|purpose of self
གཞན་དོན|others' purpose; altruism
མྱང་འདས་གཉིས|2 nirvanas
ལྷག་བཅས་མྱང་འདས|nirvana with remainder
ལྷག་མེད་མྱང་འདས|nirvana without remainder
མཁྱེན་པ་གཉིས|2 kinds of knowledge
ཇི་སྙིད་པ་མཁྱེན་པ|knowledge of all conventional phenomena
ཇི་ལྟ་བ་མཁྱེན་པ|knowledge of all ultimate phenomena
བདག་མེད་གཉིས|2 selflessnesses
གང་ཟག་གི་བདག་མེད|selflessness of persons
ཆོས་ཀྱི་བདག་མེད|selflessness of phenomena
ཚད་མ་གཉིས|2 types of valid cognition
མངོན་སུམ་ཚད་མ|direct valid cognition
རྫེས་དཔག་ཚད་མ|inferential valid cognition
ལས་གཉིས|2 kinds of karma
མྱོང་བར་ངེས་བའི་ལས|karma whose fruits will not definitely be  experienced
མྱོང་བར་མ་ངེས་བའི་ལས|karma whose fruits will not definitely be  experienced
ལས་གཉིས|2 kinds of karma
ཟག་བཅས་ཀྱི་ལས|contaminated action
ཟག་མེད་ཀྱི་ལས|uncontaminated action
ལས་གཉིས|2 kinds of karma
སེམས་པའི་ལས|actions of intention
བསམ་པའི་ལས|intended actions
ཚགས་གཉིས|2 types of meritorious collections
བསོད་ནམས་ཀྱི་ཚགས|accumulation of merits
ཡེ་ཤེས་ཀྱི་ཚགས|accumulation of wisdom
ཐེག་ཆེན་གཉིས|2 great vehicles
ཕར་ཕྱིན་ཐེག་པ|perfection vehicle
ལྔགས་ཀྱི་ཐེག་པ|secret mantra vehicle
རྡོ་རྗེ་ཐེག་པ|adamantine vehicle
དངོས་གྲུབ་གཉིས|2 actual attainments
མཆོག་གི་དངོས་གྲུབ|supreme attainments
ཐུན་མོང་གི་དངོས་གྲུབ|common attainments
བདག་འཛིན་གཉིས|2 kinds of grasping at self
གང་ཟག་བདག་འཛིན་གཉིས|2 kinds of grasping at the self of a person
གང་ཟག་བདག་འཛིན་ལྷན་སྐྱེས|innate grasping at the self of a person
གང་ཟག་བདག་འཛིན་ཀུན་བཏགས|intellectual grasping at the self of a person
ཆོས་ཀྱི་བདག་འཛིན་གཉིས|2 types of grasping at the self of a phenomenon
ཆོས་ཀྱི་བདག་འཛིན་ལྷན་སྐྱེས|innate grasping at the self of a phenomenon
ཆོས་ཀྱི་བདག་འཛིན་ཀུན་བཏགས|intellectual grasping at the self of a phenomenon
སྙོམས་འཇུག་གཉིས|2 types of meditative absorptions
འགོག་པའི་སྙོམས་འཇུག|absorption of cessation
འདུ་ཤེས་མེད་པའི་སྙོམས་འཇུག|absorption of lacking discrimination
གཞལ་བྱ་གཉིས|2 objects of knowledge
སྤྱི|generalities
བྱེ་བྲག|particularities
གཞལ་བྱ་གཉིས|2 objects of knowledge
སྤྱི་མཚན|generally characterized phenomena
རང་མཚན|self characterized phenomena
གཞལ་བྱ་གཉིས|2 objects of knowledge
རྟག་པ|permanent
མི་རྟག་པ|impermanent
སེམས་བསྐྱེད་གཉིས|2 kinds of bodhicitta
ཀུན་རྫོབ་སེམས་བསྐྱེད|conventional bodhicitta
དོན་དམ་སེམས་བསྐྱེད|ultimate bodhicitta
མཉམ་གཞག་ཡེ་ཤེས་གཉིས|2 wisdoms of meditative equipoise
བར་ཆད་མེད་ལམ|uninterrupted path
རྣམ་གྲོལ་ལམ|path of release
སེམས་བསྐྱེད་གཉིས|2 kinds of bodhicitta
སྨོན་པ་སེམས་བསྐྱེད|wishing bodhicitta
འཇུག་པ་སེམས་བསྐྱེད|committed bodhicitta
རྣམ་ཤེས་གཉིས|2 types of consciousness
རྒྱུ་དུས་ཀྱི་རྣམ་ཤེས|causal consciousness
འབྲས་དུས་ཀྱི་རྣམ་ཤེས|resultant consciousness
སྒྲིབ་པ་གཉིས|2 obstructions
ཉོན་མོང་པའི་སྒྲིབ་པ|afflictive obstructions
ཤེས་བྱའི་སྒྲིབ་པ|obstructions to knowledge of objects
བདེན་པ་གཉིས|2 truths
དོན་དམ་བདེན་པ|ultimate truth
ཀུན་རྫོབ་བདེན་པ|conventional truth
མཐའ་གཉིས|2 extremes
རྟག་མཐའ|extreme of eternalism
ཆད་མཐའ|extreme of nihilism
མཐའ་གཉིས|2 extremes
ཡོད་མཐའ|extreme of existence
མེད་མཐའ|extreme of non-existence
ཏིང་ངེ་འཛིན་གསུམ|3 meditative stabilizations
སྟོང་པ་ཉིད་ཀྱི་ཏིང་ངེ་འཛིན|emptiness meditative stabilization
མཚན་མ་མེད་པའི་ཏིང་ངེ་འཛིན|signless meditative stabilization
སྨོན་པ་མེད་པའི་ཏིང་ངེ་འཛིན|desireless meditative stabilization
ཏིང་ངེ་འཛིན་གསུམ|3 meditative stabilizations
མཚན་བཅས་རྩོལ་བཅས་ཀྱི་ཏིང་ངེ་འཛིན|meditative stabilization with signs and effort
མཚན་བཅས་རྩོལ་མེད་ཀྱི་ཏིང་ངེ་འཛིན|meditation stabilization with signs but without  effort
མཚན་མེད་རྩོལ་མེད་ཀྱི་ཏིང་ངེ་འཛིན|meditation stabilization with neither signs nor effort
སྐྱེས་བུ་གསུམ|3 types of person
སྐྱེས་བུ་ཆུང་ངུ|beginner
སྐྱེས་བུ་འབྲིང|intermediate
སྐྱེས་བུ་ཆེན་པོ|advanced
སྒྲུབ་ངག་ཡན་ལག་གསུམ་ལྡན|3-membered proof; 3 parts of a syllogism
དམ་བཅའ་བ|thesis; proposition
གཏན་ཚིགས|sign; reason
དཔེ|example
དུས་གསུམ|3 periods; 3 times
འདས|past
ད་ལྡ|present
མ་འོངས|future
སྲིད་པ་གསུམ|3 states of birth
འཆི་བའི་སྲིད་པ|death state
བར་དོའི་སྲིད་པ|intermediate state
སྐྱེ་བའི་སྲིད་པ|birth state
སྲིད་གསུམ|3-fold place of existence
འདོད་པའི་སྲིད་པ|places of desire
གཟུགས་ཀྱི་སྲིད་པ|places of form
གཟུགས་མེད་ཀྱི་སྲིད་པ|places of formless
འདུ་བྱེད་ཀྱི་ལས་གསུམ|3 types of karma formation
བསོད་ནམས|meritorious actions
བསོད་ནམས་མ་ཡིན་པ|non-meritorious actions
མི་གཡོ་བ|unfluctuating actions; invariable actions
གཟུགས་གསུམ|3-fold compilation of form
བསྟན་ཡོད་དང་ཐོགས་དང་བཅས་པ|form seen and touched by sense-organs
བསྟན་མེད་དང་ཐོགས་དང་བཅས་པ|form which cannot be seen, but can be touched by sense-organs
བསྟན་མེད་དང་ཐོགས་མེད|form which can neither be seen nor touched by sense-organs
སྐུ་གསུམ|3 bodies of a buddha
ཆོས་སྐུ|truth body
ངོ་བོ་ཉིད་སྐུ|nature body
ཡེ་ཤེས་ཆོས་སྐུ|wisdom truth body
ལོངས་སྐུ|complete enjoyment body
སྤྲུལ་སྐུ|emanation body
བཟོད་པ་རྣམ་གསུམ་གནོད་པ་ལ་ཇི་མི་སྙམ་བའི|3 types of patience of not retaliating
བཟོད་པ|against someone who harms you
སྡུག་བསྔལ་དྭང་ལེན་གྱི་བཟོད་པ|patience of willingly enduring sufferings
ཆོས་ལ་ངེས་སེམས་ཀྱི་བཟོད་པ|patience of discriminative awareness of the dharma
འཇིག་པ་རྣམ་གསུམ|3 destructions
མེ་གྱི་འཇིག་པ|destruction caused by fire
ཆུ་ཡི་འཇིག་པ|destruction caused by water
རླུང་གི་འཇིག་པ|destruction caused by wind
ཚར་བ་གསུམ|3 feelings
བདེ་བ|joyous feeling
སྡུག་བསྔལ|painful feeling
བཏང་སྙོམས|neutral feeling
རིག་པ་གསུམ|3 insights
སྔོན་གྱི་གནས་རིག་པ|insight into the mortal conditions of self & others in previous lives
འཆི་འཕོ་བ་དང་སྐྱེ་བ་རིག་པ|knowledge of vanishing and reappearing of beings
ཟག་པ་ཟད་པ་རིག་པ|nirvāṇa insight
ཕྱག་རྒྱ་གསུམ,་ལྟ་བ་བཀའ་བཏགས|3 seals of buddhist doctrine
འདུ་བྱས་ཐམས་ཅད་མི་རྟག་པ|all products are impermanent
ཆོས་ཐམས་ཅད་སྟོང་ཞིང་བདག|all phenomena are empty and selfless
མྱ་ངན་ལས་འདས་པ་ཞི་བ|nirvana is peace
ལམ་གཙོ་རྣམ་གསུམ|3 principal aspects of the path
ངེས་འབྱུང|renunciation
བྱང་སེམས|mind of enlightenment
ཡང་དག་བའི་ལྟ་བ|right view
སྦྱིན་པ་རྣམ་གསུམ|3 types of giving
ཟང་ཟིང་གི་སྦྱིན་པ|giving material help
ཆོས་ཀྱི་སྦྱིན་པ|giving dharma teachings
མི་འཇིགས་པའི་སྦྱིན་པ|giving protection from fear
ཚུལ་གསུམ|3 modes of reasoning
ཕྱོགས་ཆོས|property of the subject
རྗེས་ཁྱབ|subsequent pervasion
ལྡོག་ཁྱབ|counter pervasion
མཚན་ཉིད་གསུམ|3 characteristics
ཀུན་བརྟགས|imputed phenomena
གཞན་དབང|dependent phenomena
ཡོངས་གྲུབ|ultimate phenomena
ཁམས་གསུམ་ས་དགུ|3 realms and 9 levels
འདོད་ཁམས|desire realm
ལུས་ཐ་དད་ཅིང་འདུ་ཤེས་ཐ་དད་པ་དག|beings with different bodies and different thoughts
གཟུགས་ཁམས|form realm
བསམ་གཏན་དང་པོ|first concentration
བསམ་གཏན་གཉིས་པ|second concentration
བསམ་གཏན་གསུམ་པ|third concentration
བསམ་གཏན་བཞི་པ|fourth concentration
གཟུགས་མེད་ཁམས|formless realm
ནམ་མཁའ་མཐའ་ཡས|infinite space
རྣམ་ཤེས་མཐའ་ཡས|infinite consciousness
ཅི་ཡང་མེད|nothingness
སྲིད་རྩི|peak of cyclic existence
དུག་གསུམ|3 poisons
འདོད་ཆགས|desire
ཞེ་སྡང|hatred; anger
གཏི་མུག|ignorance
སྡོམ་པ་རྣམ་པ་གསུམ|3 types of vows
སོ་སོར་ཐར་བའི་སྡོམ་པ|vows of individual liberation
བྱང་ཆུབ་སེམས་དཔའི་སྡོམ་པ|bodhisattva vows
གསང་སྔགས་ཀྱི་སྡོམ་པ|secret mantra vows
སྡུག་བསྔལ་གསུམ|3 sufferings
སྡུག་བསྔལ་གྱི་སྡུག་བསྔལ|suffering of pain
འགྱུར་བའི་སྡུག་བསྔལ|suffering of change
ཁྱབ་པ་འདུ་བྱེད་ཀྱི་སྡུག་བསྔལ|pervasive suffering
ཐེག་པ་གསུམ|3 vehicles
ཉན་ཐོས་ཀྱི་ཐེག་པ|hearer's vehicle
རང་རྒྱལ་གྱི་ཐེག་པ|solitary realizer's vehicle
བྱང་སེམས་ཀྱི་ཐེག་པ|bodhisattva's vehicle
སློབ་དཔོན་གསུམ|3 teachers
དགེ་ཚུལ་གྱི་སློབ་དཔོན|preceptor
ལས་ཀྱི་སློབ་དཔོན|announcing-preceptor
གསང་སྡེ་སྟོན་པའི་སློབ་དཔོན|instructor
དབང་པོ་གསུམ|3 levels of intelligence
དབང་པོ་རྟུལ་པོ|poor intellect
དབང་པོ་འབྲིང|moderate intellect
དབང་པོ་རྣོ་པོ|sharp intellect
ལས་གསུམ|3 kinds of karma
མཐོང་ཆོས་མྱོང་འགྱུར་གྱི་ལས|karma bearing fruit in this present life
སྐྱེས་ནས་མྱོང་འགྱུར་གྱི་ལས|karma bearing fruit in the next life
ལན་གྲངས་གཞན་དུ་མྱོང་འགྱུར་གྱི་ལས|karma bearing fruit in the distant future
དག་པ་ས་གསུམ|3 pure stages
ས་བརྒྱད་པ|eighth stage
ས་དགུ་པ|ninth stage
ས་བཅུ་པ|tenth stage
མཁྱེན་གསུམ|3 kinds of knowledge
གཞི་ཤེས|knowledge of bases
ལམ་ཤེས|knowledge of paths
རྣམ་མཁྱེན|omniscient mind
ཚད་མ་གསུམ|3 awarenesses
མངོན་སུམ་གྱི་ཚད་མ|direct valid cognizer
རྗེས་དཔག་གི་ཚད་མ|inferential valid cognizer
ལུང་གི་ཚད་མ|authoritative valid cognizer
ཀུན་སྦྱོར་གསུམ|3 constant fetters
འཇིག་ལྟ|view of the transitory collection as real I and mine
ཚུལ་ཁྲིམས་བརྟུལ་ཞུགས་མཆོག་འཛིན|conception of (bad) ethics and modes of conduct as supreme
ཐེ་ཚོམ|doubt
ངོ་བོ་ཉིད་མེད་པ་གསུམ|3 identityless phenomena
མཚན་ཉིད་ངོ་བོ་ཉིད་མེད་པ|identitylessness of characteristics
སྐྱེ་བ་ངོ་བོ་ཉིད་མེད་པ|identitylessness of production
དོན་དམ་པ་ངོ་བོ་ཉིད་མེད་པ|identitylessness of ultimate phenomena
འདུས་མ་བྱས་ཀྱི་ཆོས་གསུམ|3 uncompounded phenomena
ནམ་མཁའ|space
སོ་སོར་བརྟགས་འགོག|analytical cessation
སོ་སོར་བརྟགས་མིན་གྱི་འགོག་པ|non-analytical cessation
ཟག་མེད་ཀྱི་དབང་པོ་གསུམ|3 uncontaminated sense powers
མི་ཤེས་པ་ཀུན་ཤེས་པའི་དབང་པོ|sense power of knowing all that is unknown
ཀུན་ཤེས་པའི་དབང་པོ་ཀུན་ཤེས་པ་དང་ལྡན་པའི|sense power of knowing all; sense power of that which
དབང་པོ|has the quality of knowing all
མྱང་འདས་གསུམ|3 nirvanas
ལྷག་བཅས་མྱང་འདས|nirvana with remainder
ལྷག་མེད་མྱང་འདས|nirvana without remainder
མི་གནས་པའི་མྱང་འདས|nirvana without abiding
དགེ་བའི་རྩ་བ་གསུམ|3 root virtues
འདོད་ཆགས་མེད་པའི་དགེ་བའི་རྩ་བ|root of virtue devoid of desire
ཞེ་སྡང་མེད་པའི་དགེ་བའི་རྩ་བ|root of virtue devoid of hatred
གཏི་མུག་མེད་པའི་དགེ་བའི་རྩ་བ|root of virtue devoid of ignorance
བདེ་འགྲོ་གསུམ|3 happy migrators; 3 happy migrations
ལྷ|gods
མི|humans
ལྷ་མ་ཡིན|demigods
འཕགས་པ་གསུམ|3 nobles
ཤྭ་ཀྱ་ཐུབ་པ|shākyamuni buddha
སྨན་གྱི་བླ་མ|bhaisajyaguru buddha
འོད་དཔག་མེད|amitābha buddha
འཕགས་པ་གསུམ|3 nobles
འོད་དཔག་མེད|amitābha buddha
འཇིག་རྟན་དབང་ཕྱུག|avalokiteshvara bodhisattva
མཐུ་ཆེན་ཐོབ|mahāsthāmaprāpta bodhisattva
ཕུན་སུམ་ཚོགས་པ་གསུམ|3 excellent accomplishments
རང་དོན་ཕུན་སུམ་ཚོགས་པ|accomplishment of one's own goals
གཞན་དོན་ཕུན་སུམ་ཚོགས་པ|accomplishment of others' goals
དེ་གཉིས་གྲུབ་པའི་ཐབས་ཕུན་སུམ་ཚོགས་པ|accomplishment of the means for achieving both
ངན་འགྲོ་གསུམ|3 bad migrators; 3 bad migrations
དམྱལ་བ|hell beings
ཡི་དྭགས|hungry ghosts
དུད་འགྲོ|animals
ལས་གསུམ|3 actions
བདེ་བ་མྱོར་འགྱུར་གྱི་ལས|karma giving rise to happiness
སྡུག་བསྔལ་མྱོར་འགྱུར་གྱི་ལས|karma giving rise to suffering
བཏང་སྙོམས་ཀྱི་ལས|karma giving rise to indifferent feelings
ལས་གསུམ|3 actions
ལུས་ཀྱི་ལས|physical actions
ངག་གི་ལས|verbal actions
ཡིད་ཀྱི་ལས|mental actions
ལས་གསུམ|3 actions
བསོད་ནམས་ཀྱི་ལས|virtuous karma
བསོད་ནམས་མ་ཡིན་པའི་ལས|non-virtuous karma
མི་གཡོ་པའི་ལས|unfluctuating karma
ལས་ཀྱི་འབྲས་བུ་གསུམ|3 types of karmic effect
རྣམ་སྨིན་གྱི་འབྲས་བུ|fruitional effect
རྒྱུ་མཐུན་གྱི་འབྲས་བུ|causally concordant effect
བདག་པོའི་འབྲས་བུ|owned effect
རྣམ་ཐར་སྒོ་གསུམ|3 doors of liberation
རྣམ་པར་ཐར་པའི་སྒོ་སྟོང་པ་ཉིད|liberation through emptiness
རྣམ་པར་ཐར་པའི་སྒོ་མཚན་མ་མེད་པ|liberation through signlessness
རྣམ་པར་ཐར་པའི་སྒོ་སྨོན་པ་མེད་པ|liberation through wishlessness
ཕུང་པོ་གསུམ་པ|3 heaps
ཕྱག་འཚལ་བ|heap of prostration
སྡིག་པ་བཤགས་པ|heap of confession
རྗེས་སུ་ཡི་རང་བ|heap of rejoicing
བསྔོ་བ|dedication
ཚུལ་ཁྲིམས་རྣམ་གསུམ|3 types of morality
ཉེས་སྤྱོད་སྡོམ་པའི་ཚུལ་ཁྲིམས|morality of abstention from misbehaviour
དགེ་བའི་ཆོས་སྡུད་ཀྱི་ཚུལ་ཁྲིམས|morality of integrating virtues
སེམས་ཅན་དོན་བྱེད་ཀྱི་ཚུལ་ཁྲིམས|morality of working for the welfare of other sentient beings
ཆ་གསུམ|3 times
སྔའི་སྐབས|past time
ཕྱིའི་སྐབས|future time
བར་སྐབས|present time
སྤྱུལ་སྐུ་གསུམ|3 emanation bodies of a buddha
བཟོ་བོ་སྤྱུལ་སྐུ|artisan emanation
སྐྱེ་བ་སྤྱུལ་སྐུ|miscellaneous emanation
མཆོག་གི་སྤྱུལ་སྐུ|supreme emanation
ཆོ་འཕྲུལ་གསུམ|3 kinds of miracle
འཆོ་འཕྲུལ་ཏེ་སྐུ་རྫུ་འཕྲུལ་གྱི་ཆོ་འཕྲུལ|miracle of body
ཐུགས་རྗེ་སུ་བསྟན་པའི་ཆོ་འཕྲུལ|miracle of mind
གསུང་ཀུན་ཏུ་བརྗོད་པའི་ཆོ་འཕྲུལ|miracle of speech
རྟགས་ཡང་དག་གསུམ|3 correct reasons
འབྲས་རྟགས་ཡང་དག|correct reason of effect
རང་བཞིན་གྱི་རྟགས་ཡང་དག|correct reason of nature
མ་དམིགས་པའི་རྟགས་ཡང་དག|correct reason of non-cognition
རྟགས་ལྟར་སྣང་གསུམ|3 wrong reasons
མ་གྲུབ་པའི་རྟགས|unestablished reason
འགལ་བའི་རྟགས|contradictory reason
མ་ངེས་པའི་རྟགས|uncertain reason
ཏིང་ངེ་འཛིན་གསུམ|3 meditative stabilizations
དཔའ་བར་འགྲོ་བའི་ཏིང་ངེ་འཛིན|meditative stabilization going like a hero
སྒྱུ་མ་ལྟ་བུའི་ཏིང་ངེ་འཛིན|meditative stabilization like an illusion
རྡོ་རྗེ་ལྟ་བུའི་ཏིང་ངེ་འཛིན|meditative stabilization like a vajra
གཞལ་བྱའི་གནས་གསུམ|3 objects of knowledge
མངོན་གྱུར|manifest phenomena
སྐོག་གྱུར|obscure phenomena
ཤིན་ཏུ་སྐོག་གྱུར|extremely obscure phenomena
སྙིང་རྗེ་རྣམ་གསུམ|3 types of compassion
སེམས་ཅན་ཙམ་ལ་དམིགས་པའི་སྙིང་རྗེ|compassion merely observing sentient beings
ཆོས་ལ་དམིགས་པའི་སྙིང་རྗེ|compassion observing the doctrine
དམིགས་མེད་ལ་དམིགས་པའི་སྙིང་རྗེ|compassion observing the lack of true existence
སེམས་དཔའ་གསུམ་བརྩེགས|3 types of sattvas (beings)
དམ་ཚིག་སེམས་དཔའ|commitment being
ཡེ་ཤེས་སེམས་དཔའ|wisdom being
ཏིང་ངེ་འཛིན་སེམས་དཔའ|concentration being
ཤེས་རབ་རྣམ་པ་གསུམ|3 types of wisdom
ཐོས་པ་ལས་བྱུང་བའི་ཤེས་རབ|wisdom acquired through hearing
བསམ་པ་ལས་བྱུང་བའི་ཤེས་རབ|wisdom acquired through contemplation
བསྒོམ་པ་ལས་བྱུང་བའི་ཤེས་རབ|wisdom acquired through meditation
བསླབ་པ་གསུམ|3 trainings
ལྷག་པའི་ཚུལ་ཁྲིམས་ཀྱི་བསླབ་པ|training in higher discipline; ethics
ལྷག་པའི་སེམས་གྱི་བསླབ་པ|training in higher meditative
ཏིང་ངེ་འཛིན་གྱི་བསླབ་པ|stabilization
ལྷག་པའི་ཤེས་རབ་ཀྱི་བསླབ་པ|training in higher wisdom
སྡེ་སྣོད་གསུམ|3 scriptural collections
མདོ་སྡེའི་སྡེ་སྣོད|sets of discourses
འདུལ་བའི་སྡེ་སྣོད|sets of discipline
ཆོས་མངོན་པའི་སྡེ་སྣོད|sets of manifest knowledge
འཁོར་ལོ་རིམ་པ་གསུམ|3 turnings of the wheel of dharma
འཁོར་ལོ་དང་པོ|the first turning of the wheel of dharma
བདེན་པ་བཞིའི་ཆོས་འཁོར|the first turning of the wheel of dharma
འཁོར་ལོ་བར་པ|the second turning of the wheel of dharma
མཚན་ཉིད་མེད་པའི་ཆོས་འཁོར|the second turning of the wheel of dharma
འཁོར་ལོ་ཐ་མ|the third turning of the wheel of dharma
ལེགས་པར་རྣམ་པར་ཕྱེ་བའི་ཆོས་འཁོར|the third turning of the wheel of dharma
སྐྱབས་གསུམ|3 refuges
སངས་རྒྱས་ལ་སྐྱབས་སུ་མཆིའོ|taking the buddha as refuge
ཆོས་ལ་སྐྱབས་སུ་མཆིའོ|taking the dharma as refuge
དགེ་འདུན་ལ་སྐྱབས་སུ་མཆིའོ|taking the saṅgha as refuge
དཀོན་མཆོག་གསུམ|3 Jewels
སངས་རྒྱས|buddha, the fully enlightened one
ཆོས|dharma, the teachings
དགེ་འདུན|sangha, the holy community
གཉེན་པོ་སྟོབས་བཞི|4 opponent forces
རྟན་གྱི་སྟོབས|force of reliance
གཉེན་པོའི་སྟོབས|force of overcoming misdeeds through antidotes
རྣམ་པར་སུན་འབྱིན་པའི་རྟོབས|force of repentance
ཉེས་པ་ལས་སླར་ལྡོག་པའི་རྟོབས|force of not repeating the misdeeds
གྲུབ་མཐའ་སྨྲ་བ་བཞི|4 tenets
བྱེ་བྲག་སྨྲ་བ|vaibhāṣika
མདོ་སྡེ་པ|sautrāntika
ལུང་གི་རྗེས་འབྲང་མདོ་སྡེ་པ|sautrāntika-follower of scripture
རིགས་བའི་རྗེས་འབྲང་མདོ་སྡེ་པ|sautrāntika-follower of reasoning
སེམས་ཙམ་པ|mind only school
ལུང་གི་རྗེས་འབྲང་སེམས་ཙམ་པ|cittamātrin-follower of scripture
རིགས་བའི་རྗེས་འབྲང་སེམས་ཙམ་པ|cittamātrin-follower of reasoning
དབུ་མ་པ|middle way school
དབུ་མ་རང་རྒྱུད་པ|mādhyamika svātantrika
དབུ་མ་ཐལ་འགྱུར་བ|mādhyamika prāsaṅgika; consequence school
གླིང་བཞི|4 continents
ཤར་ལུས་འཕགས་པོ|East Continent; Great Body
ལྷོ་འཛམ་བུ་གླིང|South Continent; Jambudvīpa
ནུབ་བ་ལང་སྤྱོད|West Continent; Using Oxen
བྱང་སྒྲ་མི་སྙན|North Continent; Unpleasant Sound
ཏིང་ངེ་འཛིན་བཞི|4 meditative stabilizations
དཔའ་བར་འགྲོ་བའི་ཏིང་ངེ་འཛིན|meditative stabilization going as a hero
ནམ་མཁའ་མཛོད་ཀྱི་ཏིང་ངེ་འཛིན|meditative stabilization like a sky treasury
དྲི་མ་མེད་པའི་ཏིང་ངེ་འཛིན|stainless meditative stabilization
སེང་གེ་རྣམ་པར་འགྱིང་བའི་ཏིང་ངེ་འཛིན|meditative stabilization like a loftily looking lion
གཞན་འགྱུར་བཞི|4 changeable mental factors
གཉིད|sleep
འགྱོད་པ|regret
རྟོག་པ|investigation
དཔྱོད་པ|analysis
སྐྱེ་གནས་བཞི|4 types of birth
མངལ་སྐྱེས|birth from an egg
གོང་སྐྱེས|birth from a womb
དྲོད་གཤེར་ལས་སྐྱེས་བ|birth from heat and moisture
བརྫུས་སྐྱེས|miraculous birth
སྦྱོར་ལམ་བཞི|4 levels of the path of preparation
ངེས་འབྱེད་ཆ་མཐུན་བཞི|4 levels of the path of preparation
དགེ་རྩ་བཞི|4 good roots
དྲོད|heat
རྩེ་མོ|peak
བཟོད་པ|forbearance
འཇིག་རྟེན་པའི་ཆོས་ཀྱི་མཆོག|supreme mundane qualities
ཡང་དག་སྤོང་བ་བཞི|4 thorough abandonings
མི་དགེ་བ་མ་སྐྱེས་པ་མི་བཀྱེད་པ|non-generation of afflictions not yet generated
མི་དགེ་བ་སྐྱེས་པ་སྤོང་བ|abandoning of afflictions already generated
དགེ་བ་མ་སྐྱེས་བ་བསྐྱེད་པ|generation of pure phenomena not yet generated
དགེ་བ་སྐྱེས་པ་སྤེལ་བ|increasing of pure phenomena already generated
སྲིད་པ་བཞི|4 states of birth
བར་དོའི་སྲིད་པ|intermediate state
སྐྱེ་བའི་སྲིད་པ|birth state
སྔོན་དུས་ཀྱི་སྲིད་པ|live state
འཆི་བའི་སྲིད་པ|death state
ཞུགས་གནས་བརྒྱད|4 enterers and 4 abiders
རྒྱུན་ཞུགས་ཞུགས་པ|enterer into the fruit of a stream-winner
རྒྱུན་ཞུགས་འབྲས་གནས|stream-winner
ཕྱིར་འོང་ཞུགས་པ|enterer into the fruit of a once-returner
ཕྱིར་འོང་འབྲས་གནས|abider in the fruit of a once-returner
ཕྱིར་མི་འོང་ཞུགས་པ|enterer into the fruit of a never returner
ཕྱིར་མི་འོང་འབྲས་གནས|abider in the fruit of a never returner
དགྲ་བཅོམ་ཞུགས་པ|enterer into the fruit of a foe-destroyer
དགྲ་བཅོམ་འབྲས་གནས|abider in the fruit of a foe-destroyer
བསྐལ་བཞི|4 intermediate aeons
ཆགས་པའི་བསྐལ་པ|aeons of the formation
གནས་པའི་བསྐལ་པ|aeons of its persistence
འཇིག་པའི་བསྐལ་པ|aeons of its dissolution
སྟོང་པའི་བསྐལ་པ|aeons of vacuity
བྲམ་ཟེའི་རིག་བྱེད་བཞི|4 vedas of brahmins
སྙན་ངག|science of poetry
མཆོད་སྦྱིན|science of sacrifice
ནེས་བརྗོད|science of aphorisms
སྲིད་སྲོང|science of administration
ཡིད་ལ་བྱེད་པ་བཞི|4 mental engagements
སྒྲིམ་སྟེ་འཇུག་པ|forcible engagement
བར་དུ་ཆད་ཅིང་འཇུག་པ|interrupted engagement
ཆད་པ་མེད་པར་འཇུག་པ|uninterrupted engagement
ལྷུན་གྲུབ་ཏུ་འཇུག་པ|spontaneous engagement
སྟོང་ཉིད་བཞི|4 emptinesses
དངོས་པོ་སྟོང་པ་ཉིད|emptiness of a thing
དངོས་པོ་མེད་པ་སྟོང་པ་ཉིད|emptiness of non-things
རང་བཞིན་སྟོང་པ་ཉིད|emptiness of nature
གཞན་གྱི་དངོས་པོ་སྡེ་ངོ་བོའི་སྟོང་པ་ཉིད|emptiness of other-nature
རིགས་བཞི|4 castes of Hintu society
བྲམ་ཟེའི་རིགས|priest caste
རྒྱལ་རིགས|warrior caste
རྗེའུ་རིགས|merchant caste
དམངས་རིགས|labourer caste
རྟོན་པ་བཞི|4 reliances
དོན་ལ་རྟོན་པར་བྱའི་ཚིག་འབྲུ་ལ་རྟོན་པར་མི་བྱ|relying on meaning and not on the expression
ཆོས་ལ་རྟོན་པར་བྱའི་གང་ཟག་ལ་རྟོན་པར་མི་བྱ|relying on teachings and not on the person
ཡེ་ཤེས་ལ་རྟོན་པར་བྱའི་རྣམ་ཤེས་ལ་རྟོན་པར་མི་བྱ|relying on wisdom & not on an ordinary mind
ངེས་པའི་དོན་གྱི་མདོ་སྡེ་ལ་རྟོན|relying on definitive
པར་བྱའི་བྲང་བའི་དོན་གྱི་མདོ་སྡེ་ལ་རྟོན་པར་མི་བྱ|teachings and not on interpretive teachings
ཉེར་ལེན་བཞི|4 compulsive acquisitions
འདོད་པ་ཉེ་བར་ལེན་པ|compulsive acquisition of desire
ལྟ་བ་ཉེ་བར་ལེན་པ|compulsive acquisition of view
ཚུལ་ཁྲིམས་དང་བརྟུལ་ཞུགས་མཆོག་འཛིན་ཉེ་བར་ལེན་པ|compulsive acquisition of regarding moral discipline and practices as superior
བདག་ལྟ་ཉེ་བར་ལེན་བ|compulsive acquisition of the view of self
ཕྱག་རྒྱ་བཞི,་ལྟ་བ་བཀའ་བཏགས|4 seals of buddhist doctrine
འདུ་བྱས་ཐམས་ཅད་མི་རྟག་པ|all products are impermanent
ཟག་བཅས་ཐམས་ཅད་སྡུག་བསྔལ་བ|all contaminated things are miserable
ཆོས་ཐམས་ཅད་སྟོང་ཞིང་བདག་མེད་པ|all phenomena are empty and selfless
མྱ་ངན་ལས་འདས་པ་ཞི་བ|nirvana is peace
དྲན་པ་ཉེ་བར་བཞག་པ་བཞི|4 mindful establishments
ལུས་དྲན་པ་ཉེར་བཞག|mindful establishments of body
ཚོར་བ་དྲན་པ་ཉེར་བཞག|mindful establishments of feelings
སེམས་དྲན་པ་ཉེར་བཞག|mindful establishments of thoughts
ཆོས་དྲན་པ་ཉེར་བཞག|mindful establishments of phenomena
དགེ་སྦྱོང་གི་ཆོས་བཞི|4 precepts of a monk
གཤེ་ཡང་སླར་མི་གཤེ་བ|not to scold another although being scold
ཁྲོས་ཀྱང་སླར་མི་ཁྲོ་བ|not to become angry when incited to angry
མཚང་བྲུས་ཀྱང་སླར་མི་བྲུ་བ|not to reveal another's faults when he does so
བརྡེག་ཀྱང་སླར་མི་བརྡེག་པ|not to hit another in return when being hit
འཕྲིན་ལས་བཞི|4 types of virtuous activity
ཞི་བའི་ལས|activity of peace
རྒྱས་པའི་ལས|activity of increase
དབང་གི་ལས|activity of power
དྲག་པོའི་ལས|activity of force
ཟས་བཞི|4 types of food
ཁམ་གྱི་ཟས|coarse food
རེག་པའི་ཟས|food of touch
ཡིད་ལ་སེམས་པའི་ཟས|food of mental thought
རྣམ་པ་ཤེས་པའི་ཟས|food of consciousness
རྫུ་འཕྲུལ་གྱི་རྐང་པ་བཞི|4 legs of manifestation; 4 legs of emanation
འདུན་པ|leg of manifestation of aspiration
བརྩོན་འགྲུས|leg of manifestation of effort
བསམ་པ|leg of manifestation of thought
དཔྱོད་པ|leg of manifestation of analysis
སྤྱོད་པ་རྣམ་པ་བཞི|4 activities
འགྲོ་པ|walking
འཆོག་པ|standing
འདུག་པ|sitting
ཉལ་བ|sleeping
ལུང་བསྟན་པ་བཞི|4 methods of dealing with questions
མགོ་གཅིག་ཏུ་ལུང་བསྟན་པ|direct answer
རྣམ་པར་ཕྱེ་སྟེ་ལུང་བསྟན་པ|discriminating answer
ཡོངས་སུ་བྲེས་ཏེ་ལུང་འསྟན་པ་སླར་དྲིས་ནས་ལུང་འསྟན་པ|questioning in return
བཞག་པར་ལུང་བསྟན་པ|silence
མངོན་སུམ་གྱི་ཚད་མ་བཞི|4 direct valid cognizers
དབང་པོའི་མངོན་སུམ་གྱི་ཚད་མ|sense direct valid cognizer
ཡིད་ཀྱི་མངོན་སུམ་གྱི་ཚད་མ|mental direct valid cognizer
རང་རིག་མངོན་སུམ་གྱི་ཚད་མ|self-knowing direct valid cognizer
རྣལ་འབྱོར་མངོན་སུམ་གྱི་ཚད་མ|yogic direct valid cognizer
རྒྱུད་སྡེ་བཞི|4 classes of tantra
བྱ་རྒྱུད|action tantra
སྤྱོད་རྒྱུད|performance tantra
རྣལ་འབྱོར་རྒྱུད|yoga tantra
རྣལ་འབྱོར་བླ་མེད་རྒྱུད|highest yoga tantra
འཁོར་རྣམ་བཞི|4 types of monastic community
དགེ་སློང་ཕ|monk
དགེ་སློང་མ|nun
དགེ་བསྙེན་ཕ|layman
དགེ་བསྙེན་མ|laywoman
ཡེ་ཤེས་བཞི|4 wisdoms
མེ་ལོང་ལྟ་བུའི་ཡེ་ཤེས|mirror-like wisdom
མཉམ་ཉིད་ཡེ་ཤེས|wisdom of equality
སོར་རྟོགས་ཡེ་ཤེས|wisdom of discrimination
བྱ་སྒྲུབ་ཡེ་ཤེས|wisdom of accomplishment
གཟུགས་མེད་སྙོམས་འཇུག་བཞི|4 formless meditative absorptions
ནམ་མཁའ་མཐའ་ཡས་སྙོམས་འཇུག|meditative absorption of infinite space
རྣམ་ཤེས་མཐའ་ཡས་སྙོམས་འཇུག|meditative absorption of infinite consciousness
ཅི་ཡང་མེད་པའི་སྙོམས་འཇུག|meditative absorption of nothingness
འདུ་ཤེས་མེད་འདུ་ཤེས་མེད|meditative absorption of
མིན་གྱི་སྙོམས་འཇུག|neither-discrimination-nor-non-discrimination (peak of cyclic existence)
མི་འཇིགས་པ་བཞི|4 fearlessnesses
ཆོས་ཐམས་ཅད་མངོན་པར་རྫོགས་པར་བྱང་ཆུབ་པ་མི་འཇིགས་པ|fearlessness with respect to asserting that I am completely and perfectly enlightened with respect to all phenomena
ཟག་པ་ཟད་པ་ཐམས་ཅད་མཁྱེན་མི་འཇིགས་པ|fearlessness with respect to teaching that the afflictive obstructions and obstructions to omniscience are to be ceased
བར་དུ་གཅོད་པའི་ཆོས་བསྟན་པ་ལ་མི་འཇིགས་པ|fearlessness with respect to teaching the paths of deliverance
ངེས་པར་འབྱུང་བའི་ལམ་བསྟན་པ་ལ་མི་འཇིགས་པ|fearlessness with respect to teaching that the obstructions are to be ceased
འདུས་མ་བྱས་ཀྱི་ཆོས་བཞི|4 uncompounded phenomena
ནམ་མཁའ|space
སོ་སོར་བརྟགས་མིན་གྱི་འགོག་པ|non-analytical cessation
སོ་སོར་བརྟགས་འགོག|analytical cessation
དེ་བཞིན་ཉིད|suchness
ཚད་མེད་བཞི|4 immeasurables
བྱམས་པ་ཚད་མེད|immeasurable love
སྙིང་རྗེ་ཚད་མེད|immeasurable compassion
དགའ་བ་ཚད་མེད|immeasurable joy
བཏང་སྙོམས་ཚད་མེད|immeasurable equanimity
སོ་སོར་ཡང་དག་རིག་པ་བཞི|4 perfect specific understandings
དོན་སོ་སོར་ཡང་དག་རིག་པ|specific perfect understanding of meaning
ཆོས་སོ་སོར་ཡང་དག་རིག་པ|specific perfect understanding of dharma
ངེས་ཚིག་སོ་སོར་ཡང་དག་རིག་པ|specific perfect understanding of definitive words
སྤོབས་པ་སོ་སོར་ཡང་དག་རིག་པ|specific perfect understanding of confidence
དགའ་བ་བཞི|4 joys
དགའ་བ|joy
རབ་ཏུ་དགའ་བ|great joy
ཁྱད་པར་གྱི་དགའ་བ|exalted joy
ལྷན་སྐྱེས་ཀྱི་དགའ་བ|innate joy
འཕགས་པའི་བདེན་པ་བཞི|4 noble truths
སྡུག་བསྔལ་བདེན་པ|true sufferings
ཀུན་འབྱུང་བདེན་པ|true origins of suffering
འགོག་པའི་བདེན་པ|true cessations of suffering
ལམ་གྱི་བདེན་པ|true paths out of suffering
ལས་བཞི|4 actions
གནག་ལ་རྣམ་པར་སྨིན་པ་གནག་པ|black result due to black actions
དཀར་ལ་རྣམ་པར་སྨིན་པ་དཀར་བ|white result due to white actions
དཀར་གནག་དུ་གྱུར་ལ་རྣམ་པར་སྨིན་པ་དཀར་གནག་དུ་འགྱུར་བ|black-white result due to black-white actions
མི་གནག་ཅིང་མི་དཀར་ལ་རྣམ་པར་སྨིན་པར་མི་འགྱུར་ཞིང་ལས་ཟད་པར་འགྱུར་བ|lacking result and destroying the actions due to non-black and non-white actions
རྣམ་རྟོག་བཞི|4 conceptions
གཟུང་རྟོག|conceptions of grasping at objects
ཉོན་མོངས་གཟུང་རྟོག|grasping at deluded phenomena
རྣམ་བྱང་གཟུང་རྟོག|grasping at purified phenomena
འཛིན་རྟོག|conceptions of grasping at the subject
རྫས་འཛིན་རྟོག་པ|grasping at substantial phenomena
བཏགས་འཛིན་རྟོག་པ|grasping at imputed phenomena
བློ་ལྡོག་རྣམ་བཞི|4 thought transformations
དལ་འབྱོར་རྙེད་དཀའ་བསམ་པ|realizing the preciousness of human birth
འཆི་བ་མི་རྟག་བསམ་པ|realizing the impermanence of life
འཁོར་བའི་ཉེས་དམིགས་བསམ་པ|realizing the faults of cyclic existence
ལས་བཟང་ངན་གྱི་འབྲས་བུ་བདེ་སྡུག་གཉིས་སུ་ངེས་པར་བསམ་པ|realizing that pleasure and suffering result from good and bad actions,respectively
གཟུངས་ཀྱི་སྒོ་བཞི|4 doors of retention
བཟོད་པའི་གཟུངས|retention of patience
སྔགས་ཀྱི་གཟུངས|retention of secret speech
ཚིག་གི་གཟུངས|formula for retaining words
དོན་གྱི་གཟུངས|formula for retaining meaning
ཏིང་ངེ་འཛིན་བཞི|4 meditative stabilizations
རྣང་བ་ཐོབ་པའི་ཏིང་ངེ་འཛིན|meditative stabilization of achieving perception of emptiness
རྣང་བ་མཆེད་པའི་ཏིང་ངེ་འཛིན|meditative stabilization of the increase of the perception of emptiness
དེ་ཁོ་ན་ཉིད་ཕྱོགས་གཅིག་ཏུ་ཞུགས་པའི་ཏིང་ངེ་འཛིན|meditative stabilization which understands suchness one-sidedly
བར་ཆད་མེད་པའི་ཏིང་ངེ་འཛིན|uninterrupted meditative stabilization
དམིགས་པ་བཞི|4 objects of calm abiding meditation
ཁྱབ་པའི་དམིགས་པ|pervasive objects
རྣམ་པར་རྟོག་པ་དང་བཅས་པའི་གཟུགས་བརྙན|analytical image
རྣམ་པར་མི་རྟོག་པའི་གཟུགས་བརྙན་བ|non-analytical image
དངོས་པོའི་མཐའ་ལ་དམིགས་པ|limits of phenomena
དགོས་པ་ཡོངས་སུ་གྲུབ་པ|thorough achievement of the purpose
སྤྱད་པ་རྣམ་སྦྱོང་གི་དམིགས་པ|object for purifying behaviour
འདོད་ཆགས|desire
མི་སྡུག་པ|ugliness
ཞེ་སྡང|hatred
བྱམས་པ|love
གཏི་མུག|obscuration
རྟེན་འབྱུང|dependent-arising
ང་རྒྱལ|pride
ཁམས|division of constituents
རྣམ་རྟོག|discursiveness
དབུགས་ཕྱི་ནང་རྒྱུ་བ|inhalation and exhalation of the breath
མཁས་པའི་དམིགས་པ|skilful objects
ཕུང་པོ|aggregates
ཁམས|constituents
སྐྱེ་མཆེད|sources
རྟེན་འབྱུང|dependent-arising
གནས་དང་གནས་མ་ཡིན་པ|appropriate and inappropriate
ཉོན་མོངས་རྣམ་སྦྱོང་གི་དམིགས་པ|objects for purifying afflictions
དབང་བཞི|4 initiations
བུམ་དབང|vase initiation
གསང་དབང|secret initiation
ཤེས་རབ་ཡེ་ཤེས་ཀྱི་དབང|wisdom initiation
ཚིག་དབང|word initiation
ཡོན་ཏན་བཞི|4 qualities
རྟག་པ|permanence
བདེ་བ|joy; bliss
བདག|personality
གཙང|purity
རྐྱེན་བཞི|4 conditions
རྒྱུ་རྐྱེན|causal condition
དེ་མ་ཐག་རྐྱེན|immediate condition
དམིགས་རྐྱེན|objective condition
བདག་རྐྱེན|fundamental condition
བསམ་གཏན་བཞི|4 concentrations
བསམ་གཏན་དང་པོ|first concentration
རྟོག་པ|investigation
དཔྱོད་པ|analysis
དགའ་བ|joy
བདེ་བ|bliss
སེམས་རྩེ་གཅིག་པ|mental one-pointedness
བསམ་གཏན་གཉིས་པ|second concentration
ནང་རབ་ཏུ་དང་བ|internal clarity
དགའ་བ|joy
བདེ་བ|bliss
སེམས་རྩེ་གཅིག་པ|mental one-pointedness
བསམ་གཏན་གསུམ་པ|third concentration
བཏང་སྙོམས|equanimity
དྲན་པ|mindfulness
ཤེས་བཞིན་ཡིན་པ|introspection
བདེ་བ|bliss
སེམས་རྩེ་གཅིག་པ|mental one-pointedness
བསམ་གཏན་བཞི་པ|fourth concentraion
བཏང་སྙོམས་ཡོངས་སུ་དག་པ|thoroughly pure equanimity
དྲན་པ་ཡོངས་སུ་དག་པ|thoroughly pure mindfulness
སྡུག་བསྔལ་མ་ཡིན་བདེ་བ་ཡང་མ་ཡིན|neutral feeling
སེམས་རྩེ་གཅིག་པ|mental one-pointedness
མཐའ་བཞི|4 extremes
བདག་ལས་སྐྱེ་བ|production from self
གཞན་ལས་སྐྱེ་བ|production from others
གཉིས་ཀ་ལས་སྐྱེ་བ|production from both
རྒྱུ་མེད་ལས་སྐྱེ་བ|production without causes
ཕྱིན་ཅི་ལོག་བཞི|4 wrong thoughts
མི་རྟག་པ་ལ་རྟག་པར་འཛིན་པ|to apprehend what is impermanent as permanent
སྡུག་བསྔལ་ལ་བདེ་བར་འཛིན་པ|to apperhend what is miserable as happiness
མི་གཙང་བ་ལ་གཙང་བར་འཛིན་པ|to apperhend what is impure as pure
བདག་མེད་པ་ལ་བདག་ཏུ་འཛིན་པ|to apperhend what is selfless as having a self
བདུད་བཞི|4 devils
པྱང་པོའི་བདུད|evil of aggregates
ཉོན་མོངས་པའི་བདུད|evil of afflictions
འཆི་བདག་གི་བདུད|evil of death
ལྷའི་བུའི་བདུད|evil of the son of a god
བསྡུ་བའི་དངོས་པོ་བཞི|4 qualities making for amicable association
སྦྱིན་པ|giving
སྙན་པར་སྨྲ་པ|affectionate speech
དོན་སྤྱོད་པ|conduct profitable to others
དོན་འཐུན་པ|cooperation with others to lead them into the truth
སྟོབས་ལྔ|5 forces
དད་པའི་སྟོབས|force of faith
བརྩོན་འགྲུས་ཀྱི་སྟོབས|force of enthusiastic perseverance
དྲན་པའི་སྟོབས|force of mindfulness
ཏིང་ངེ་འཛིན་གྱི་སྟོབས|force of concentration
ཤེས་རབ་ཀྱི་སྟོབས|force of wisdom
སྒྲུབ་ངག་ཡན་ལག་ལྔ་ལྡན|5-membered proof; 5 parts of a syllogism
དམ་བཅའ་བ|thesis; proposition
གཏན་ཚིགས|sign; reason
དཔེ|demonstration of the pervasion in an example
ཉེ་བར་སྦྱར་བ|application
མཇུག་སྡུད|summary; conclusion
རྒྱལ་བ་རིགས་ལྔ|5 buddha families
རྣམ་བར་སྣང་མཛད|vairocana
མི་བསྐྱོད་པ|akshobhya
མི་འཁྲུགས་པ|akshobhya
རིན་ཆེན་འབྱུང་ལྡན|ratnasambhava
འོད་དཔག་མེད|amitābha
དོན་ཡོད་གྲུབ་པ|amoghasiddhi
སྔགས་ཀྱི་རིམ་པ་ལྔ|5 stages of mantra vehicle
ངག་དབེན|isolation of speech
སེམས་དབེན|isolation of mind
སྒྱུ་ལུས|illusory body
འོད་གསལ|clear light
ཟུང་འཇུབ|unification
ཚུལ་ཁྲིམས་ལྔ|5 ethics; 5 precepts
སྲོག་གཅོད་པ་སྤོང་བ|not killing
མ་བྱིན་པར་ལེན་པ་སྤོང་བ|not stealing
འདོད་པས་ལོག་པར་གཡེམ་པ་སྤོང་བ|not indulging in sexual misconduct
རྫུན་དུ་སྨྲ་བ་སྤོང་བ|not lying
མྱོས་པར་འགྱུར་བའི་བཏུང་བ་སྤོང་པ|not taking intoxicating drinks
མངལ་གྱི་གནས་སྐབས་ལྔ|5 periods in womb
ནུར་ནུར་པོ|viscous foetus
མེར་མེར་པོ|oval-shaped foetus
ནར་ནར་པོ|hard fleshy foetus
གོར་གོར་པོ|soft fleshy foetus
འབུར་པོ་ལྔ|5 protuberances
ངེས་པ་ལྔ|5 certainties of Sambhogakaya
ངེས་པ་ལྔ་ལོངས་སྐུ|5 certainties of Sambhogakaya
གནས་ངེས་པ|definite abode
སྐུ་ངེས་པ|definite body
དུས་ངེས་པ|definite time
ཆོས་ངེས་པ|definite doctrine
འཁོར་ངེས་པ|definite retinue
ཡོན་ཏན་ལྔ|5 qualities of desires
འདོད་ཡོན་ལྔ|5 qualities of desires
གཟུགས་མེའི་ཡོན་ཏན|visible form (as the quality of fire)
སྒྲ་ནམ་མཁའི་ཡོན་ཏན|sound (as the quality of space)
དྲི་སའི་ཡོན་ཏན|odor (as the quality of earth)
རོ་ཆུའི་ཡོན་ཏན|taste (as the quality of water)
རེག་བྱ་རླུང་གི་ཡོན་ཏན|tangible object (as the quality of wind)
ཡུལ་ངེས་ལྔ|5 determining mental factors
འདུན་པ|aspiration
མོས་པ|belief
དྲན་པ|mindfulness
ཏིང་ངེ་འཛིན|stabilization
ཤེས་རབ|knowledge
རིག་གནས་ཆེ་བ་ལྔ|5 sciences
སྒྲ|linguistics
བཟོ|arts
གསོ་པ|medicine
གཏན་ཚིག|logic and epistemology
ནང་དོན|inner science
འབྲས་བུ་ལྔ|5 effects
རྒྱུ་མཐུན་གྱི་འབྲས་བུ|causally concordant effect
བདག་པོའི་འབྲས་བུ|owned effect
སྐྱེས་བུ་བྱེད་པའི་འབྲས་བུ|effect caused by persons
རྣམ་སྨིན་གྱི་འབྲས་བུ|fruitional effect
བྲལ་བའི་འབྲས་བུ|cessational effect
ཆོས་ལྔ|5 phenomena
མིང|name
མཚན་མ|signs
རྣམ་རྟོག|conceptualization
མི་རྟོག་ཡེ་ཤེས|non-conceptual wisdom
དེ་བཞིན་ཉིད|reality
ཟག་མེད་ཀྱི་ཕྱང་པོ་ལྔ|5 uncontaminated aggregates
ཚུལ་ཁྲིམས|moral discipline
ཏིང་འཛིན|concentration
ཤེས་རབ|wisdom
རྣམ་པར་གྲོལ་བ|thorough liberation
རྣམ་པར་གྲོལ་བའི་ཡེ་ཤེས་མཐོང་བ|that which sees the wisdom of thorough liberation
འཁོར་ལྔ་སྡེ་བཟང་པོ|5 good disciples
ཀུན་ཤེས་ཀོའུ|ajnyātakauṇḍinya
རླངས་པ|dasabala-kāsyapa (vāṣpas)
བཟང་ལྡེན|bhadrika
མིང་ཆེན|mahānāmas
རྟ་ཐུལ|ashvajit
མངོན་པར་ཤེས་པ་ལྔ|5 extraordinary knowledges; 5 clairvoyances
རྫུ་འཕྲུལ་གྱི་མངོན་པར་ཤེས་པ|knowledge of miracles
ལྷའི་མིག་གི་མངོན་པར་ཤེས་པ|knowledge of the divine eye
ལྷའི་མ་བའི་མངོན་པར་ཤེས་པ|knowledge of the divine ear
གཞན་སེམས་ཤེས་པའི་མངོན་ཤེས|knowledge of others' minds
སྔོན་གནས་རྗེས་དྲན་གྱི་མངོན་ཤེས|memory of former lives
དབང་པོ་ལྔ|5 powers
དད་པའི་དབང་པོ|power of faith
བརྩོན་འགྲུས་ཀྱི་དབང་པོ|power of effort
དྲན་པའི་དབང་པོ|power of mindfulness
ཏིང་ངེ་འཛིན་གྱི་དབང་པོ|power of meditative stabilization
ཤེས་རབ་ཀྱི་དབང་པོ|power of wisdom
རྩ་བའི་རླུང་ལྔ|5 principal winds
སྲོག་འཛིན་གྱི་རླུང|life supporting wind
ཐུར་སེལ་གྱི་རླུང|downward moving wind
གྱེན་རྒྱུའི་རླུང|upward moving wind
མཉམ་གནས་ཀྱི་རླུང|equally abiding wind
ཁྱབ་བྱེད་ཀྱི་རླུང|pervasive wind
སྤྱན་ལྔ|5 eyes
ཤའི་སྤྱན|fleshy eye
ལྷའི་སྤྱན|divine eye
ཤེས་རབ་ཀྱི་སྤྱན|wisdom eye
ཆོས་ཀྱི་སྤྱན|dharma eye
སངས་རྒྱས་ཀྱི་སྤྱན|buddha's eye
ལམ་ལྔ|5 paths
ཚོགས་ལམ|path of accumulation
སྦྱོར་ལམ|path of preparation
མཐོང་ལམ|path of seeing
སྒོམ་ལམ|path of meditation
མི་སློབ་ལམ|path of no more learning
ཉེས་དམིགས་ལྔ|5 faults
ལེ་ལོ|laziness
གདམས་ངག་བརྗེད་པ|forgetting the advice
བྱིང་བ,་རགོད་པ|laxity and excitement
འདུ་མི་བྱེད་པ|non-application
འདུ་བྱེད་པ|(over)application
ཀུན་འགྲོ་ལྔ|5 omnipresent mental factors
ཚོར་བ|feeling
འདུ་ཤེས|discrimination
སེམས་པ|intention
ཡིད་ལ་བྱེད་པ|mental engagement
རེག་པ|contact
སྤྱོད་པ་རྣམ་པར་སྦྱོང་བའི|5 meditations; 5 objects for
དམིགས་པ་ལྔ|purifying behaviour
མི་སྡུག་པ|ugliness
བྱམས་པ|love
རྟེན་འབྱུང|dependent-arising
ཁམས|division of constituents
དབུགས་ཕྱི་ནང་རྒྱུ་བ་རྗེས་སུ|inhalation and exhalation of
དྲན་པ|the breath
གནས་གཙང་མའི་ས་ལྔ|5 pure celestrial places
མི་ཆེ་བ|not great
མི་གདུང་བ|without pain
གྱ་ནོམ་སྣང་བ|excellent appearance
ཤིན་ཏུ་མཐོང་བ|excellent perception
འོག་མིན|not low
ཡེ་ཤེས་ལྔ|5 wisdoms
ཆོས་ཀྱི་དབྱིངས་རྣམ་པར་དག་པ|wisdom of the embodied nature of dharmadhātu
མེ་ལོང་ལྟ་བུའི་ཡེ་ཤེས|mirror-like wisdom
མཉམ་པ་ཉིད་ཀྱི་ཡེ་ཤེས|wisdom of equality
སོ་སོར་རྟོགས་པའི་ཡེ་ཤེས|wisdom of discrimination
བྱ་བ་ནན་ཏན་དུ་གྲུབ་པའི་ཡེ་ཤེས|wisdom of accomplishment
མཚམས་མེད་ལྔ|5 boundless actions
ཕ་བསད་པ|killing one's father
མ་བསད་པ|killing one's mother
དགྲ་བཅོམ་པ་གསད་པ|killing an Arhat
དགེ་འདུན་དབྱེན་འབྱེད་པ|causing a schism within the spiritual community
དེ་བཞིན་གཤེགས་པའི་སྐུ་ལས་ངན་སེམས་ཀྱིས་ཁྲག་ཕྱུང་བ|drawing blood from the body of a buddha with evil intention
གོང་མའི་ཆ་མཐུན་གྱི་ཀུན་སྦྱོར་ལྔ|5 higher bonds of desire still existing in the upper realms
གཟུགས་ཀྱི་འདོད་ཆགས|desire of form realm
གཟུགས་མེད་པའི་འདོད་ཆགས|desire of formless realm
མ་རིག་པ|ignorance
རམོངས་པ|ignorance
ང་རྒྱལ|pride
རྒོད་པ|excitement
ཐ་མའི་ཆ་མཐུན་གྱི་ཀུན་སྦྱོར་ལྔ|5 bonds in the lower desire-realms
འདོད་ཆགས|desire
ཁོང་ཁྲོ|anger
འཇིག་ལྟ|view of the transitory collection as real I and mine
ཚུལ་ཁྲིམས་བརྟུལ་ཞུགས་མཆོག་འཛིན|conception of (bad) ethics and modes of conduct as supreme
ཐེ་ཚོམ|doubt
གང་ཟག་ལྔ|5 persons on the Hinayana paths
རྒྱུན་ཞུགས|stream winner; stream enterer
ཕྱིར་འོང|once returner
ཕྱིར་མི་འོང|never returner
དགྲ་བཅོམ|foe-destroyer
རང་སངས་རྒྱས|solitary realizer
རྣམ་ཤེས་ཀྱི་ཕུང་པོའི་རིགས་ཀྱི་ཆོས་ལྔ|5 phenomena on the level of the aggregate of consciousness
ཀུན་རྟོག་བརྒྱུད་བཅུ|eithty indicative minds
སྣང་བ་དཀར་ལམ་པའི་སེམས|mind of radiant white appearance
མཆེད་པ་དམར་ལམ་པའི་སེམས|mind of radiant red increase
ཉེར་ཐོབ་ནག་ལམ་པའི་སེམས|mind of radiant black near attainment
འཆི་བ་འོད་གསལ་གྱི་སེམས|mind of the clear light of death
རིགས་ལྔ|5 families
ཉན་ཐོས་ཀྱི་ཐེག་པ་མངོན་པར་རྟོགས་པའི་རིགས|hearer family
རང་སངས་རྒྱས་ཀྱི་ཐེག་པ་མངོན་པར་རྟོགས་པའི་རིགས|solitary family
དེ་བཞིན་གཤེགས་པའི་ཐེག་པ་མངོན་པར་རྟོགས་པའི་རིགས|tathāgata family
མ་ངེས་པའི་རིགས|indefinite family
ངེས་པའི་རིགས|definite family
སྒྲིབ་པ་ལྔ|5 obstructions
འདོད་པ་ལ་འདུན་པ|aspiration to attributes of the desire realm
གནོད་སེམས|harmfulness
རྨུགས་པ་དང་གཉིད|lethargy and sleep
རྒོད་པ་དང་འགྱོད་པ|excitement and contrition
ཐེ་ཚོམ|doubt
རླུང་བ་སྡེ་ལྔ|5 downfalls
ཕམ་པ|defeats
དགེ་སློང་གི་སྤང་བྱ་ལྒག་མ|remainders
སྤང་པའི་ལྟུང་བྱེད|propelling downfalls
སོར་བཤགས|individual confessions
ཉེས་བྱས|faults
འགྲོ་བ་རིགས་ལྔ|5 migrators
ལྷ|gods
མི|human beings
དམྱལ་བ|hell beings
ཡི་དྭགས|hungry ghosts
དུད་འགྲོ|animals
སྙིགས་མ་ལྔ|5 dregs
ལྟ་བ་སྙིགས་མ|degenerated views
ཉོན་མོངས་སྙིགས་མ|degenerated delusions
སེམས་ཅན་སྙིགས་མ|degenerated persons
ཚེ་སྙིགས་མ|degenerated lifespan
དུས་སྙིགས་མ|degenerated time
ཕུང་པོ་ལྔ|5 aggregates
གཟུགས་ཀྱི་ཕུང་པོ|form
ཚོར་བའི་ཕུང་པོ|feeling
འདུ་ཤེས་ཀྱི་ཕུང་པོ|discrimination
འདུ་བྱེད་ཀྱི་ཕུང་པོ|compositional factors
རྣམ་ཤེས་ཀྱི་ཕུང་པོ|consciousness
སྟོབས་དྲུག|6 forces
ཐོས་པ|hearing
བསམ་པ|thinking
དྲན་པ|mindfulness
ཤེས་བཞིན|introspection
བརྩོན་འགྲུས|effort
ཡོངས་སུ་འདྲིས་པ|familiarity
ཉོན་མོངས་ཆེན་པོའི་ས་མང་དྲུག|6 bases of big afflictions
མ་རིག་པ|ignorance
བག་མེད་པ|non-conscientiousness
ལེ་ལོ|laziness
མ་དད་པ|non-faith
རྨུགས་པ|lethargy
རྒོད་པ|excitement
དུས་འཁོར་གྱི་རྫོགས་རིམ་སྦྱོར་བ་ཡན་ལག་དྲུག|6 limbs of the completion stage practice according to the Kalachakra tantra
སོར་སྡུད|collection
བསམ་གཏན|absorption
སྲོག་རྩོལ|wind control
འཛིན་པ|retention
རྗེས་དྲན|mindfulness
ཏིང་འཛིན|meditative stabilization
བྱེད་བྲག་པའི་ཚིག་དོན་དྲུག|6 principles of the particularists
རྫས|substance
ཡོན་ཏན|quality
ལས|action
སྤྱི|generality
བྱེ་བྲག|particularity
འདུ་བ|composition
རྒྱུ་དྲུག|6 types of causes
བྱེད་རྒྱུ|acting cause
ལྷན་ཅིག་འབྱུང་བའི་རྒྱུ|simultaneously arising cause
རྣམ་སྨིན་གྱི་རྒྱུ|ripening cause
མཚུངས་ལྡན་གྱི་རྒྱུ|concomitant cause
ཀུན་འགྲོའི་རྒྱུ|omnipresent cause
སྐལ་མཉམ་གྱི་རྒྱུ|equal-state cause
ཚིག་སྡུད་དྲུག|6 methods of compounding
མི་ཟད་པར་གྱུར་པ|adverbial compounds
དེའི་སྐྱེས་བུ|dependent determinate compounds
ཟླས་དབྱེ|copulative or aggregative compounds
འབྲུ་མང་པོ|relative or attributive compounds
ལས་འཛིན|descriptive determinate compounds
ཕྱོགས་གཉིས་པ|numeral determinate compounds
ཚོར་བའི་ཕུང་པོ་དྲུག|6 aggregates of feeling
མིག་གི་འདུས་ཏེ་རེག་པ་ལས|feeling produced through
བྱུང་བའི་ཚོར་བ|visual contact
རྣ་བའི་འདུས་ཏེ་རེག་པ་ལས|feeling produced through
བྱུང་བའི་ཚོར་བ|olfactory contact
སྣའི་འདུས་ཏེ་རེག་པ་ལས་བྱུང|feeling produced through
བའི་ཚོར་བ|aural contact
ལྕེའི་འདུས་ཏེ་རེག་པ་ལས་བྱུང|feeling produced through
བའི་ཚོར་བ|gustatory contact
ལུས་ཀྱི་འདུས་ཏེ་རེག་པ་ལས|feeling produced through
བྱུང་བའི་ཚོར་བ|physical contact
ཡིད་ཀྱི་འདུས་ཏེ་རེག་པ་ལས|feeling produced through
བྱུང་བའི་ཚོར་བ|mental contact
རོ་དྲུག|6 types of taste
ཁྭ་བ|bitter
སྐྱུར་པ|sour
མངར་བ|sweet
ཚ་བ|hot
ལན་ཚ་བ|salty
བསྐ་བ|astringent
ན་རོ་ཆོས་དྲུག|6 doctrines of Naropa
གཏུམ་མོའི་གདམས་པ|yoga of psychic heat
སྒྱུ་ལུས་ཀྱི་གདམས་པ|yoga of illusory body
འོད་གསལ་གྱི་གདམས་པ|yoga of clear light
འཕོ་བའི་གདམས་པ|yoga of consciousness transference
རྨི་ལམ་གྱི་གདམས་པ|yoga of dreams
བར་དོའི་གདམས་པ|yoga of intermediate rebirth
ཕ་རོལ་ཏུ་ཕྱིན་པ་དྲུག|6 perfections
སྦྱིན་པ|giving
ཚུལ་ཁྲིམས|ethics
བཟོད་པ|patience
བརྩོན་འགྲུས|effort
བསམ་གཏན|concentration
ཤེས་རབ|wisdom
འབྱུང་བ་དྲུག|6 elements
ས|earth
ཆུ|water
མེ|fire
རླུང|wind
ནམ་མཁའ|space
རྣམ་ཤེས|consciousness
གྲོང་ཁྱེར་དྲུག|6 cities of central India
རྒྱལ་པོའི་ཁབ|rājagṛha
ཡངས་པ་ཅན|vaishāli
མཉན་ཡོད|shrāvastī
ཙམ་པ|champaka
གནས་བཅས|sāketa
ཝ་ར་ན་སི|varaṇasi
རྟོག་གེའི་སྡེ་དྲུག|6 ancient Hindu schools of the non-buddhists
མུ་སྟེགས་བྱེད་པ|6 ancient Hindu schools of the non-buddhists
རྒྱང་འཕེན་པ|lokāyatas
ཕུར་བུ་པ|bārhaspatya
ཅཱར་བཱ༹་ཀ|hedonist
རྒྱལ་བ་པ|follower of jina
ནིར་གརན་ཏཧ|nirgrantha
གཅེར་བུ་པ|digambara
ཤྭེ་ཏྭམ་བ་ར|shvetāmbara
གྲངས་ཅན་པ|saṃkhya
སེར་སྐྱ་པ|follower of kapila
དཔྱོད་པ་བ|analyser
བྱེ་བྲག་པ|particularist
གཟེགས་ཟན་པ|follower of kaṇāda
རིག་པ་ཅན|logician
རྐང་མིག་པ|follower of akṣipāda
གྲུབ་མཐའ་གཞན|other schools
རིག་བྱེད་པ|vedantins
རྣལ་འབྱོར་སྤྱོད་པ|yogacara
ཁྱབ་འཇུག་པ|vaishṇava
དབང་ཕྱུག་པ|ishvara
ཚང་པ་བ|brāhmaṇas
སེམས་པའི་ཕུང་པོ་དྲུག|6 aggregates of intention
མིག་གི་འདུས་ཏེ་རེག་པ་ལས་བྱུང་བའི་སེམས་པ|intention produced through visual contact
རྣ་བའི་འདུས་ཏེ་རེག་པ་ལས་བྱུང་བའི་སེམས་པ|intention produced through aural contact
སྣའི་འདུས་ཏེ་རེག་པ་ལས་བྱུང་བའི་སེམས་པ|intention produced through olfactory contact
ལྕེའི་འདུས་ཏེ་རེག་པ་ལས་བྱུང་བའི་སེམས་པ|intention produced through gustatory contact
ལུས་ཀྱི་འདུས་ཏེ་རེག་པ་ལས་བྱུང་བའི་སེམས་པ|intention produced through physical contact
ཡིད་ཀྱི་འདུས་ཏེ་རེག་པ་ལས་བྱུང་བའི་སེམས་པ|intention produced through mental contact
མངོན་པར་ཤེས་པ་དྲུག|6 extraordinary knowledges
རྫུ་འཕྲུལ་གྱི་མངོན་པར་ཤེས་པ|knowledge of miracles
ལྷའི་མིག་གི་མངོན་པར་ཤེས་པ|knowledge of the divine eye
ལྷའི་རྣ་བའི་མངོན་པར་ཤེས་པ|knowledge of the divine ear
གཞན་སེམས་ཤེས་པའི་མངོན་ཤེས|knowledge of others' thoughts
སྔོན་གནས་རྗེས་དྲན་གྱི་མངོན་ཤེས|knowledge of recollecting past lives
ཟག་པ་ཟད་པའི་མངོན་ཤེས|knowledge of the extinction of contamination
མུ་སྟེགས་ཀྱི་སྟོན་པ་དྲུག|6 teachers of the non-buddhists
མི་འཕམ་སྐྲའི་ལ་བ་ཅན|ajita-keshakambala (of carvāka)
གཅེར་བུ་པ་གཉེན་གྱི་བུ|nirgrantha jnyāti-putra (of jaina)
འོད་སྲུངས་རྫོགས་བྱེད་ཅན|pῡraṇa kāshyapa (of ajīvaka)
ཀུན་ཏུ་རྒྱུ་གནག་ལྷས་ཀྱི་བུ|maskārī goshaliputra (of ajīvaka)
ཀ་ཏྱའི་བུ་ནོག་པ་ཅན|kakuda kātyana (of ajīvaka)
སྨྲ་འདོད་ཀྱི་བུ་མོའི་བུ་ཡང་དག་རྒྱལ་བ་ཅན|sanyjaya vairaṭiputra (of ajñāna)
དབང་པོ་དྲུག|6 senses
མིག་གི་དབང་པོ|eye sense power
རྣ་བའི་དབང་པོ|ear sense power
སྣའི་དབང་པོ|nose sense power
ལྕེའི་དབང་པོ|tongue sense power
ལུས་ཀྱི་དབང་པོ|body sense power
ཡིད་ཀྱི་དབང་པོ|mental sense power
རྩ་ཉོན་དྲུག|6 root afflictions
འདོད་ཆགས|desire
ཁོང་ཁྲོ|anger
ང་རྒྱལ|pride
མ་རིག་པ|ignorance
ལྟ་བ་ཉོན་མོངས་ཅན|afflicted view
ཐེ་ཚོམ|doubt
འདོད་ལྷ་རིགས་དྲུག|6 classes of the gods in the desire realm
རྒྱས་ཆེན་རིས་བཞི|four great kings
སུམ་ཅུ་རྩ་གསུམ|gods of the Thirty-three
འཐབ་བྲལ|gods of non-combat
དགའ་ལྡན|gods of Tushita
འཕྲུལ་དགའ|gods enjoying emanations
གཞན་འཕྲུལ་དབང་བྱེད|gods controlling other's emanations
རྒྱན་དྲུག|6 ornaments
ཀླུ་སྒྲུབ|nāgarjῡna
འཕགས་པ་ལྷ|āryadeva
ཐོགས་མེད|asanga
དབྱིག་གཉེན|vasubandhu
ཕྱོགས་གླང|dignāga
ཆོས་གྲགས|dharmakīrtī
འདུས་མ་བྱས་ཀྱི་ཆོས་དྲུག|6 uncompounded phenomena
ནམ་མཁའ|space
སོ་སོར་བརྟགས་འགོག|analytical cessation
སོ་སོར་བརྟགས་མིན་གྱི་འགོག་པ|non-analytical cessation
མི་གཡོ་བའི་འདུས་མ་བྱས|state of being unmoved by pleasure or pain
འདུ་ཤེས་དང་ཚོར་བ་འགོག་པའི་འདུས་མ་བྱས|state without discrimination and feeling
དེ་བཞིན་ཉིད|suchness
འདུ་ཤེས་དྲུག|6 discriminations
མི་རྟག་པ|discrimination of impermanence
སྡུག་བསྔལ|discrimination of suffering
བདག་མེད་པ|discrimination of selflessness
མི་གཙང|discrimination of ugliness
འཆི་བ|discrimination of death
འཇིག་རྟན་ཐམས་ཅད་མི་བདེ་བ|discrimination of disaffection with everything worldly
འདུ་ཤེསའི་ཕུང་པོ་དྲུག|6 aggregates of discriminations
མིག་གི་འདུས་ཏེ་རེག་པ་ལས་བྱུང་བའི་འདུ་ཤེས|discrimination produced through visual contact
རྣ་བའི་འདུས་ཏེ་རེག་པ་ལས་བྲུང་བའི་འདུ་ཤེས|discrimination produced through aural contact
སྣའི་འདུས་ཏེ་རེག་པ་ལས་བྱུང་བའི་འདུ་ཤེས|discrimination produced through olfactory contact
ལྕེའི་འདུས་ཏེ་རེག་པ་ལས་བྱུང་བའི་འདུ་ཤེས|discrimination produced through gustatory contact
ལུས་ཀྱི་འདུས་ཏེ་རེག་པ་ལས་བྱུང་བའི་འདུ་ཤེས|discrimination produced through physical contact
ཡིད་ཀྱི་འདུས་ཏེ་རེག་པ་ལས་བྱུང་བའི་འདུ་ཤེས|discrimination produced through mental contact
ཡུལ་དྲུག|6 objects
གཟུགས|visible form
སྒྲ|sound
དྲི|odor
རོ|taste
རེག་བྱ|tangible object
ཆོས|phenomena
རྗེས་སུ་དྲན་པ་དྲུག|6 recollections
སངས་རྒྱས་རྗེས་སུ་དྲན་པ|recollection of buddha
ཆོས་རྗེས་སུ་དྲན་པ|recollection of dharma
དགེ་འདུན་རྗེས་སུ་དྲན་པ|recollection of sangha
ཚུལ་ཁྲིམས་རྗེས་སུ་དྲན་པ|recollection of moral-discipline
གཏོང་བ་རྗེས་སུ་དྲན་པ|recollection of giving
ལྷ་རྗེས་སུ་དྲན་པ|recollection of the deity
འགྲོ་བ་རིགས་དྲུག|6 migrators
ལྷ|gods
མི|human beings
ལྷ་མ་ཡིན|demigods
དམྱལ་བ|hell beings
ཡི་དྭགས|hungry ghosts
དུད་འགྲོ|animals
རྣམ་ཤེས་དྲུག|6 consciousnesses
མིག་གི་རྣམ་ཤེས|eye consciousness
རྣ་བའི་རྣམ་ཤེས|ear consciousness
སྣའི་རྣམ་ཤེས|nose consciousness
ལྕེའི་རྣམ་ཤེས་ལུས་ཀྱི་རྣམ་ཤེས|tongue consciousness
ལུས་ཀྱི་རྣམ་ཤེས|body consciousness
ཡིད་ཀྱི་རྣམ་ཤེས|mental consciousness
རེག་པ་དྲུག|6 contacts
མིག་གི་འདུས་ཏེ་རེག་པ|contact through association with eye
རྣ་བའི་འདུས་ཏེ་རེག་པ|contact through association with ear
སྣའི་འདུས་ཏེ་རེག་པ|contact through association with nose
ལྕེའི་འདུས་ཏེ་རེག་པ|contact through association with tongue
ལུས་ཀྱི་འདུས་ཏེ་རེག་པ|contact through association with body
ཡིད་ཀྱི་འདུས་ཏེ་རེག་པ|contact through association with mind
ཡན་ལག་བདུན་པ|7 branch practices
ཕྱག་འཚལ་བ|prostration
མཆོད་བ་ཕུལ་བ|offering
བཤགས་པ|confession
རྗེས་སུ་ཡི་རང་བ|rejoicing
བསྐུལ་བ|requesting
གསོལ་བ|supplication
བསྔོ་བ|dedication
ཁ་སྦྱོར་ཡན་ལག་བདུན|7 features of complete enjoyment body
ལོངས་སྤྱོད་རྫོགས་པ|complete enjoyment
ཁ་སྦྱོར|embracing each other
བདེ་ཆེན|great bliss
རང་བཞིན་མེད་པ|non-inherent existence
སྙིང་རྗེ་ཡོངས་གང|completely pervaded by compassion
རྒྱུན་མི་ཆད་པ|uninterrupted continuity
འགོག་པ་མེད་པ|non-cessation
རྒྱུ་འབྲས་མན་ངག་བདུན|7-fold quintessential instructions
མར་ཤེས|recognizing all sentient beings as mothers
དྲིན་དྲན|being mindful of their kindness
དྲིན་གཟོ|repaying their kindness
ཡིད་འོང་བྱམས་པ|heartwarming love
སྙིང་རྗེ|compassion
ལྷག་བསམ|resolute thought
བྱང་ཆུབ་ཀྱི་སེམས|motive of enlightenment
འགྲེལ་རྐང་བདུན|7-limbed topics
ཕུང་པོ|aggregates
སྐྱེ་མཆེད|sources of perception
ཁམས|sensory spheres
རྟེན་འབྲེལ|dependent arising
ཟས|food
བདེན་པ|noble truth
བྱང་ཆུབ་ཕྱོགས་ཀྱི་ཆོས|limbs of enlightenment
འཁོར་རྣམ་བདུན|7-fold followers
དགེ་སློང་ཕ|monk
དགེ་སློང་མ|nun
དགེ་སློབ་མ|probationary nun
དགེ་ཚུལ་ཕ|novice monk
དགེ་ཚུལ་མ|novice nun
དགེ་བསྙེན་ཕ|layman
དགེ་བསྙེན་མ|laywoman
བྱང་ཆུབ་ཡན་ལག་བདུན|7 branches of enlightenment
དྲན་པ|mindfulness
ཆོས་རབ་ཏུ་རྣམ་འབྱེད|wisdom
བརྩོན་འགྲུས|effort
དགའ་བ|joy
ཤིན་སྦྱངས|suppleness
ཏིང་འཛིན|concentration
བཏང་སྙོམས|equanimity
འཕགས་པའི་ནོར་བདུན|7 jewels of the Aryas
དད་པའི་ནོར|faith
ཚུལ་ཁྲིམས་ཀྱི་ནོར|moral discipline
ངོ་ཚ་ཤེས་པའི་ནོར|shame
ཁྲེལ་ཡོད་པའི་ནོར|embarrassment
བརྩོན་འགྲུས་ཀྱི་ནོར|effort
ཐོས་པའི་ནོར|hearing
གཏོང་བའི་ནོར|generosity
ཤེས་རབ་ཀྱི་ནོར|knowledge; wisdom
ང་རྒྱལ་བདུན|7 prides
ང་རྒྱལ|pride
ཆེ་བའི་ང་རྒྱལ|exalted pride
ང་རྒྱལ་ལས་ཀྱང་ང་རྒྱལ|exaggerated pride
ངའོ་སྙམ་པའི་ང་རྒྱལ|egotistic pride
མངོན་པའི་ང་རྒྱལ|presumptuous pride
ཅུང་ཟད་སྙམ་པའི་ང་རྒྱལ|modest pride
ལོག་པའི་ང་རྒྱལ|perverted pride
ཡིད་ལ་བྱེད་པ་བདུན|7 mental contemplations
མཚན་ཉིད་སོ་སོར་རིག་པའི་ཡིད་བྱེད|mental contemplation of individual knowledge of the character
མོས་པ་ལས་བྱུང་པའི་ཡིད་བྱེད|mental contemplation arisen from belief
རབ་ཏུ་དབེན་པའི་ཡིད་བྱེད|mental contemplation of thorough isolation
དགའ་བ་སྡུད་པའི་ཡིད་བྱེད|mental contemplation of withdrawal or joy
དཔྱོད་པའི་ཡིད་བྱེད|mental contemplation of analysis
སྦྱོར་བ་མཐའི་ཡིད་བྱེད|mental contemplation of final training
སྦྱོར་བ་མཐའི་འབྲས་བུ་ཡིད་བྱེད|mental contemplation that is the fruit of final training
བློ་རིག་བདུན|7 awarenesses
མངོན་སུམ|direct perceivers
རྗེས་དཔག|inferential cognizers
བཅད་ཤེས|subsequent cognizers
ཡིད་དཔྱོད|correctly assuming consciousnesses
སྣང་ལ་མ་ངེས་པ|awarenesses to which the object appears but is not acertained
ཐེ་ཚོམ|doubting
ལོག་ཤེས|wrong consciousnesses
རིན་པོ་ཆེ་སྣ་བདུན|7 treasures
གསེར|gold
དངུལ|silver
བཱེེ་དུ་རྱ|lapis lazuli
ཤེལ|crystal
སྤུག|agate
མུ་ཏིག་དམར་པོ|rubies
རྡོའི་སྙིང་པོ|cornelian
རིན་པོ་ཆེ་སྣ་བདུན|7 precious objects
འཁོར་ལོ་རིན་པོ་ཆེ|precious wheel
ནོར་བུ་རིན་པོ་ཆེ|precious jewel
བཙུན་མོ་རིན་པོ་ཆེ|precious queen
བློན་པོ་རིན་པོ་ཆེ|precious minister
གླང་པོ་རིན་པོ་ཆེ|precious elephant
རྟ་མཆོག་རིན་པོ་ཆེ|precious horse
དམག་དཔོན་རིན་པོ་ཆེ|precious general
ཉེ་བའི་སྲས་བརྒྱད|8 close disciples
འཇམ་དཔལ་དབྱངས|manjushrī
ཕྱག་ན་རྡོ་རྗེ|vajrapāṇi
སྤྱན་རས་གཟིགས|avalokiteshvara
ས་ཡི་སྙིང་བོ|kṣitigarbha
སྤྲིབ་པ་རྣམ་སེལ|sarvanivaraṇavis kambini
ནམ་མཁའི་སྙིང་པོ|ākāshagarbha
བྱམས་པ|maitreya
ཀུན་ཏུ་བཟང་པོ|samantabhadra
གཞན་འགྱུར་བརྒྱད|8 changeable mental factors
རྟོག་པ|investigation
དཔྱོད་པ|analysis
འགྱོད་པ|regret
གཉིད|sleep
འདོད་ཆགས|desire
ཁོང་ཁྲོ|anger
ང་རྒྱལ|pride
ཐེ་ཚོམ|doubt
རྣམ་ཤེས་ཚོགས་བརྒྱད|8 consciousnesses
མིག་གི་རྣམ་པར་ཤེས་པ|eye consciousness
རྣ་བའི་རྣམ་པར་ཤེས་པ|ear consciousness
སྣའི་རྣམ་པར་ཤེས་པ|nose consciousness
ལྕེའི་རྣམ་པར་ཤེས་པ|tongue consciousness
ལུས་ཀྱི་རྣམ་པར་ཤེས་པ|body consciousness
ཡིད་ཀྱི་རྣམ་པར་ཤེས་པ|mental consciousness
ཉོན་ཡིད་རྣམ་པར་ཤེས་པ|afflicted consciousness; mind afflicted with egoism
ཀུན་གཞི་རྣམ་ཤེས|foundation consciousness; mind-basis-of-all
འཇིག་རྟེན་ཆོས་བརྒྱད|8 worldly concerns
རྙེད་པ|gain
མ་རྙེད་པ|loss
མ་གྲགས་པ|disgrace
སྙན་གྲགས|fame
བསྟོད་པ|praise
སྨད་པ|blame
བདེ་བ|happiness
སྡུག་བསྔལ|suffering
རྟོག་གེའི་ཚིག་དོན་བརྒྱད|8 topics of the logicians
མངོན་སུམ་ཡང་དག|correct direct perception
མངོན་སུམ་ལྟར་སྣང|wrong direct perception
རྗེས་དཔག་ཡང་དག|correct inferential perception
རྗེས་དཔག་ལྟར་སྣང|wrong inferential perception
སྒྲུབ་ངག་ཡང་དག|correct argument
སྒྲུབ་ངག་ལྟར་སྣང|wrong argument
སུན་འབྱིན་ཡང་དག|correct refutation
སུན་འབྱིན་ལྟར་སྣང|wrong refutation
དངོས་པོ་བརྒྱད|8 topics of the Perfection of Wisdom Text
རྣམ་མཁྱེན|omniscient mind
ལམ་ཤེས|knowledge of paths
གཞི་ཤེས|knowledge of bases
རྣམ་རྫོགས་སྦྱོར་བ|complete training of all aspects
རྩེ་མོའི་སྦྱོར་བ|peak training
མཐར་གྱིས་སྦྱོར་བ|serial training
སྐད་ཅིག་མའི་སྦྱོར་བ|momentary training
འབྲས་བུ་ཆོས་སྐུ|resultant truth body
སྡུག་བསྔལ་བརྒྱད|8 kinds of suffering
སྐྱེ་བའི་སྡུག་བསྔལ|birth
རྒ་བའི་སྡུག་བསྔལ|old age
ན་བའི་སྡུག་བསྔལ|disease; sickness
འཆི་བའི་སྡུག་བསྔལ|death
མི་སྡུག་བ་དང་འཕྲད་པའི་སྡུག་བསྔལ|association with the disliked
སྡུག་པ་དང་བྲལ་བའི་སྡུག་བསྔལ|separation from the liked
གང་འདོད་པ་བཙལ་ཏེ་མ་རྙེད་པ་དེ་ཡང་སྡུག་བསྔལ|not getting what one wishes
མདོར་ན་ཉེ་བར་ལེན་པའི་སྡུག་བསྔལ|in brief, 5 grasped aggregates are a source of suffering
མཛད་པ་བརྒྱད|8 deeds
དགའ་ལྡན་ནས་འཕོ་བ|descent from Tushita heaven
ཡུམ་གྱི་ལྷུམས་སུ་བཞུགས་པ|entering the womb of his mother
སྐུ་བལྟམས་པ|taking birth
རབ་ཏུ་བྱུང་བ|renunciation and ordination as a monk
བདུད་སྡེ་བཅོམ་པ|defeating the host of demons
སངས་རྒྱས་པ|attaining full enlightenment
ཆོས་འཁོར་བསྐོར་བ|turning the wheel of doctrine
སྐུ་མྱ་ངན་ལས་འདས་པ|passing into the state of peace
ལྷ་དང་ཀླུ་ལ་སོགས་པ་བརྒྱད|8 groups of gods and serpents
ལྷ|gods
ཀླུ|serpents
གནོད་སྦྱིན|demons
དྲི་ཟ|celestial musicians
ལྷ་མ་ཡིན|demigods
ནམ་མཁའ་ལྡིང|mythical birds
མི་འམ་ཅི|mythical beings
ལྟོ་འཕྱེ་ཆེན་པོ|large-bellied demons
མངོན་པར་རྟོགས་པ་བརྒྱད|8 clear realizations
རྣམ་མཁྱེན|omniscient mind
ལམ་ཤེས|knowledge of paths
གཞི་ཤེས|knowledge of bases
རྣམ་རྫོགས་སྦྱོར་བ|complete training of all aspects
རྩེ་མོའི་སྦྱོར་བ|peak training
མཐར་གྱིས་སྦྱོར་བ|serial training
སྐད་ཅིག་མའི་སྦྱོར་བ|momentary training
ཡེ་ཤེས་ཆོས་སྐུ|wisdom truth body
གྲང་དམྱལ་བརྒྱད|8 cold hells
ཆུ་བུར་ཅན|blistering
ཆུ་བུར་རྡོལ་བ་ཅན|bursting blisters
སོ་ཐམ་ཐམ་པ|chattering
ཨ་ཆུ་ཟེར་བ|ahoo hell
ཀྱེ་ཧུད་ཟེར་བ|moaning
ཨུད་པལ་ལྟར་གས་པ|split like an utpala
པད་མ་ལྟར་གས་པ|split like a lotus
པད་མ་ལྟར་ཆེན་པོ་གས་པ|split like a great lotus
འདུས་མ་བྱས་ཀྱི་ཆོས་བརྒྱད|8 uncompounded phenomena
ཆོས་དགེ་བའི་དེ་བཞིན་ཉིད|suchness of virtuous phenomena
ཆོས་མི་དགེ་བའི་དེ་བཞིན་ཉིད|suchness of non-virtuous phenomena
ཆོས་ལུང་མ་བསྟན་རྣམས་ཀྱི་དེ་བཞིན་ཉིད|suchness of un-recordable phenomena
ནམ་མཁའ|space
སོ་སོར་བརྟགས་མིན་གྱི་འགོག་པ|non-analytical cessation
སོ་སོར་བརྟགས་འགོག|analytical cessation
མི་གཡོ་བ|state of being unmoved by pleasure or pain
འདུ་ཤེས་དང་ཚོར་བ་འགོག་པ|state without discrimination and feeling
ཟིལ་གྱིས་གནོན་པའི་སྐྱེ་མཆེད་བརྒྱད|8 surpassing concentrations
ནང་གཟུགས་ཅན་དུ་འདུ་ཤེས་པས་ཕྱི་རོལ་གྱི་གཟུགས་ཆུང་ངུ་ལ་བལྟ་ཞིང་གཟུགས་དེ་དག་ཟིལ་གྱིས་གནོན་པ|imaging himself having form, he sees small external forms, and overcome them
ནང་གཟུགས་ཅན་དུ་འདུ་ཤེས་པས་ཕྱི་རོལ་གྱི་གཟུགས་ཆེན་པོ་ལ་བལྟ་ཞིང་གཟུགས་དེ་དག་ཟིལ་གྱིས་གནོན་པ|imagining himself having form, he sees large external forms, and overcome them
ནང་གཟུགས་མེད་པར་འདུ་ཤེས་པས་ཕྱི་རོལ་གྱི་གཟུགས་ཆུང་ངུ་ལ་བལྟ་ཞིང་གཟུགས་དེ་དག་ཟིལ་གྱིས་གནོན་པ|imagining himself lacking form, he sees small external forms, and overcome them
ནང་གཟུགས་མེད་པར་འདུ་ཤེས་པས་ཕྱི་རོལ་གྱི་གཟུགས་ཆེན་པོ་ལ་བལྟ་ཞིང་གཟུགས་དེ་དག་ཟིལ་གྱིས་གནོན་པ|imagining himself lacking form, he sees large external forms, and overcome them
ནང་གཟུགས་མེད་པར་འདུ་ཤེས་པ་ཁོ་ནས་ཕྱི་རོལ་གྱི་གཟུགས་སྔོན་པོ་ལ་བལྟ་ཞིང་གཟུགས་དེ་དག་ཟིལ་གྱིས་གནོན་པ|imagining himself lacking form, he sees external blue forms, and overcome them
ནང་གཟུགས་མེད་པར་འདུ་ཤེས་པ་ཁོ་ནས་ཕྱི་རོལ་གྱི་གཟུགས་སེར་པོ་ལ་བལྟ་ཞིང་གཟུགས་དེ་དག་ཟིལ་གྱིས་གནོན་པ|imagining himself lacking form, he sees external yellow forms, and overcome them
ནང་གཟུགས་མེད་པར་འདུ་ཤེས་པ་ཁོ་ནས་ཕྱི་རོལ་གྱི་གཟུགས་དམར་པོ་ལ་བལྟ་ཞིང་གཟུགས་དེ་དག་ཟིལ་གྱིས་གནོན་པ|imagining himself lacking form, he sees external red forms, and overcome them
ནང་གཟུགས་མེད་པར་འདུ་ཤེས་པ་ཁོ་ནས་ཕྱི་རོལ་གྱི་གཟུགས་དཀར་པོ་ལ་བལྟ་ཞིང་གཟུགས་དེ་དག་ཟིལ་གྱིས་གནོན་པ|imagining himself lacking form, he sees external white forms, and overcome them
མི་ཁོམ་པ་བརྒྱད|8 non-conducive factors
སེམས་ཅན་དམྱལ་བ|birth as a hell being
དུད་འགྲོ|birth as an animal
ཡི་དྭགས|birth as a hungry ghost
ལྷ་ཚེ་རིང་པོ|birth as a long living god
མཐའ་ཁོབ་ཏུ་སྐྱེས་བ|birth in a barbaric land where the Buddha's doctrine does not exist
ཀླ་ཀློའི་གནས་སུ་སྐྱེ་བ|birth in a barbaric land where the Buddha's doctrine does not exist
དབང་པོ་མ་ཚང་བ|having incomplete sense faculties
ལོག་པར་ལྟ་བ|holding wrong view
དེ་བཞིན་གཤེགས་པ་རྣམས་མ་བྱུང་བ|birth in a land where Buddha's doctrine does not flourish
རྣམ་ཐར་བརྒྱད|8 liberations; 8 emancipations
གཟུགས་ཅན་གཟུགས་ལ་བལྟ་བའི་རྣམ་ཐར|liberation of the embodied looking at a form
གཟུགས་མེད་གཟུགས་ལ་བལྟ་བའི་རྣམ་ཐར|liberation of the formless looking at a form
སྡུག་པའི་རྣམ་པར་ཐར་པ|liberation through beautiful form
ནམ་མཁའ་མཐའ་ཡས་ཀྱི་རྣམ་ཐར|liberation of infinite space
རྣམ་ཤེས་མཐའ་ཡས་ཀྱི་རྣམ་ཐར|liberation of infinite consciousness
ཅི་ཡང་མེད་པའི་རྣམ་ཐར|liberation of nothingness
སྲིད་རྩེའི་རྣམ་ཐར|liberation of the peak of existence
འགོག་པའི་རྣམ་ཐར|liberation of equipoise of cessation
འཕགས་ལམ་ཡན་ལག་བརྒྱད|8 branches of the superior path
ཡང་དག་པའི་ལྟ་བ|correct view
ཡང་དག་པའི་རྟོག་པ|correct realization
ཡང་དག་པའི་ངག|correct speech
ཡང་དག་པའི་ལས་ཀྱི་མཐའ|correct aims of actions
ཡང་དག་པའི་འཚོ་བ|correct livelihood
ཡང་དག་པའི་རྩོལ་བ|correct effort; correct exertion
ཡང་དག་པའི་དྲན་པ|correct mindfulness
ཡང་དག་པའི་ཏིང་ངེ་འཛིན|correct meditative stabilization
ཚ་དམྱལ་བརྒྱད|8 hot hells
ཡང་གསོས|reviving
ཐིག་ནག|black line
བསྡུས་འཇོམས|crushed together
ངུ་འབོད|crying
ངུ་འབོད་ཆེན་པོ|great crying
ཚ་བ|hot
རབ་ཏུ་ཚ་བ|very hot
མནར་མེད|most torturous
གཉེན་པོ་བརྒྱད|8 antidotes
འདུན་པ|aspiration
རྩོལ་བ|effort; exertion
དད་པ|faith
ཤིན་ཏུ་སྦྱངས་པ|pliancy
དྲན་པ|mindfulness
ཤེས་བཞིན|introspection
སེམས་པ|intention
བཏང་སྙོམས|equanimity
བསྙེན་གནས་ཡན་ལག་བརྒྱད|8 precepts of a one day vow holder
སྲོག་གཅོད་པ་སྤོང་པ|not killing
མི་བྱིན་པར་ལེན་པ་སྤོ་པ|not stealing
མི་ཚངས་པར་སྤྱོད་པ་སྤོང་པ|not indulging in sexual misconduct
བརྫུན་དུ་སྨྲ་བ་སྤོང་པ|not lying
མྱོས་པར་འགྱུར་བའི་བཏུང་བ་སྤོང་པ|not taking intoxicating drinks
སྤོས་དུང་ཁ་དོག་དང་བྱུག་པ་དང་ཕྲེང་བ་ཐོགས་པ་སྤོང་པ་གླུ་གར་སྤོང་པ|not being dressed with flowers, perfumes and cosmetics (not singing and dancing)
ཁྲི་སྟན་མཐོན་པོ་དང་ཁྲི་སྟན་ཆེན་པོ་སྤོང་པ|not using high and luxurious seat or bed
དུས་མ་ཡིན་པའི་ཟས་སྤོང་པ|not taking a meal after noon
རྣམ་དབྱེ་བརྒྱད|8 cases in grammar
ངོ་བོ་སྟོན་པའི་སྒྲ|nominative case
ལུས་སུ་བྱ་བའི་སྒྲ|accusative case
བྱེད་པའི་སྒྲ|instrumental case
དགོས་ཆེད་ཀྱི་སྒྲ|dative case
འབྱུང་ཁུངས་ཀྱི་སྒྲ|ablative case
འབྲེལ་བའི་སྒྲ|genitive case
རྟེན་གནས་ཀྱི་སྒྲ|locative case
འབོད་པའི་སྒྲ|vocative case
སེམས་གནས་དགུ|9 mental abidings
སེམས་འཇོག་པ|setting the mind
རྒྱུན་དུ་འཇོག་པ|continuous setting
སླན་ཏེ་འཇོག་པ|resetting
ཉེ་བར་འཇོག་པ|close setting
དུལ་བར་བྱེད་པ|disciplining
ཞི་བར་བྱེད་པ|pacifying
ཉེ་བར་ཞི་བར་བྱེད་པ|thorough pacifying
རྩེ་གཅིག་ཏུ་བྱེད་པ|making one-pointed
མཉམ་པར་འཇོག་པ|setting in equipoise
མཐར་གྱིས་གནས་པའི་སྙོམས་པར་འཇུག་པ་དགུ|9 serial absorptions
བསམ་གཏན་བཞི|4 concentrations
གཟུགས་མེད་བཞི|4 absorptions within the formless realm
འགོག་པའི་སྙོམས་འཇུག|meditative absorption of cessation
མི་སྡུག་པའི་འདུ་ཤེས་དགུ|9 discriminations
རྣམ་པར་བམ་པའི་འདུ་ཤེས|discrimination of the bloated corpse
རྣམ་པར་རྣགས་པའི་འདུ་ཤེས|discrimination of the worm-infested corpse
རྣམ་པར་དམར་བའི་འདུ་ཤེས|discrimination of the bleeding corpse
རྨམ་པར་སྔོས་པའི་འདུ་ཤེས|discrimination of the livid corpse
རྣམ་པར་ཟོས་བའི་འདུ་ཤེས|discrimination of the gnawed corpse
རྣམ་པར་མཐོར་བའི་འདུ་ཤེས|discrimination of the scattered corpse
རུས་གོང་གི་འདུ་ཤེས|discrimination of the skeleton
རྣམ་པར་ཚིག་པའི་འདུ་ཤེས|discrimination of the corpse being burnt
རྣམ་པར་འབུས་གཞིག་པའི་འདུ་ཤེས|discrimination of the festering corpse
བདག་དགུ|9 selves (inherently established)
རང་གི་མཚན་ཉིད་ཀྱིས་གྲུབ་པ|existence by way of its own character
རང་བཞིན་གྱིས་གྲུབ་པ|inherent existence
ངོ་བོ་ཉིད་གྱིས་གྲུབ་པ|existence through its own entitiness
བདེན་པར་གྲུབ་པ|true establishment
ཡང་དག་པར་གྲུབ་པ|exist as its own reality
དོན་དམ་པ་གྲུབ་པ|ultimate existence
དེ་ཁོ་ན་ཉིད་དུ་གྲུབ་པ|existence as its own suchness
རྫས་སུ་གྲུབ་པ|substantially established
རང་ངོས་ནས་གྲུབ་པ|existence from its own side
སྟོབས་བཅུ|10 forces of a buddha
གནས་དང་གནས་མིན་མཁྱེན་པའི་སྟོབས|knowledge of sources and non-sources
ལས་ཀྱི་རྣམ་པར་སྨིན་པ་མཁྱེན་པའི་སྟོབས|knowledge of actions and their fruitions
ཁམས་སྣ་ཚོགས་མཁྱེན་པའི་སྟོབས|knowledge of the divisions of the eighteen constituents
མོས་པ་སྣ་ཚོགས་མཁྱེན་པའི་སྟོབས|knowledge of varieties of inclinations
དབང་པོ་སྣ་ཚོགས་མཁྱེན་པའི་སྟོབས|knowledge of superior and non-superior faculties
ཐམས་ཅད་དུ་འགྲོ་བའི་ལམ་མཁྱེན་པའི་སྟོབས|knowledge of the paths leading to all forms of cyclic existence and solitary peace
བསམ་གཏན་དང་རྣམ་པར་ཐར|knowledge of the concentrations, liberations, meditative stabilizations, and meditative absorptions, and knowledge of others' afflictions and others' non-contamination
སྔོན་གྱི་གནས་རྗེས་སུ་དྲན་པ་མཁྱེན་པའི་སྟོབས|knowledge remembering earlier lives
འཆི་འཕོ་བ་དང་སྐྱེ་བ་མཁྱེན་པའི་སྟོབས|knowledge of death, transmigration, and birth
ཟག་པ་ཟད་པ་མཁྱེན་པའི་སྟོབས|knowledge of contaminations and their extinction
སེམས་ཀྱི་ས་མང་བཅུ|10 main bases of mental factors
ཚོར་བ|feeling
འདུ་ཤེས|discrimination
སེམས་པ|intention
རེག་པ|contact
འདུན་པ|aspiration
ཤེས་རབ|knowledge
དྲན་པ|mindfulness
ཡིད་ལ་བྱེད་པ|mental engagement
མོས་པ|belief
ཏིང་ངེ་འཛིན|stabilization
སློབ་མ་ཆེན་པོ་བཅུ|10 principal disciples
ཤྭ་རིའི་བུ|shāriputra
མོའུ་དག་ལ་གྱི་བུ|māudgalyāyana
འོད་བསྲུང|kāshyapa
མ་འགགས་པ|a-niruddha
རབ་འབྱོར|subhῡti
བྱམས་མའི་བུ་གང་པོ|pῡrṇamāityāyaṇī
ཀ་ཏྱའི་བུ་ཆེན་པོ|mahākātyāyana
ཉེ་བར་འཁོར|upāli
སྒྲ་གཅན་འཛིན|rāhula
ཀུན་དགའ་བོ|ānanda
དགེ་བའི་ས་མང་བཅུ|10 bases of big virtuous mental factors
དད་པ|faith
བག་ཡོད་པ|conscientiousness
ཤིན་ཏུ་སྦྱངས་པ|pliancy
བཏང་སྙོམས|equanimity
ངོ་ཚ་ཤེས་པ|shame
ཁྲེལ་ཡོད་པ|embarrassment
མ་ཆགས་པ|non-attachment
ཞེ་སྡང་མེད་པ|non-hatred
རྣམ་པར་མི་འཚེ་བ|non-harmfulness
བརྩོན་འགྲུས|effort
ཉོན་མོངས་ཆུང་ངུའི་ས་མང་བཅུ|10 bases of small afflictions
ཁྲོ་བ|belligerence
འཆབ་པ|concealment
སེར་སྣ|miserliness
ཕྲག་དོག|jealousy
འཚིག་པ|spite
རྣམ་པར་འཚེ་བ|harmfulness
འཁོན་འཛིན|resentment
གཡོ|dissimulation
སྒྱུ|deceit
རྒྱགས་པ|haughtiness
ཕྱོགས་བ|10 directions
ཤར|east
ལྷོ|south
ནུབ|west
བྱང|north
ཤར་ལྷོ|south-east
ལྷོ་ནུབ|south-west
ནུབ་བྱང|north-west
བྱང་ཤར|north-east
འོག|downward direction
སྟེང|upward direction
མི་དགེ་བའི་ལས་ཀྱི་ལམ་བཅུ|10 non-virtues
སྲོག་གཅོད་པ|killing
མ་བྱིན་པར་ལེན་པ|stealing
འདོད་པས་ལོག་པར་གཡེམ་པ|indulging in sexual misconduct
རྫུན་དུ་སྨྲ་བ|lying
ཚིག་རྩུབ་མོ་སྨྲ་བ|harsh speech
ཕྲ་མར་སྨྲ་བ|divisive speech
ཚིག་བཀྱལ་བ,་ངག་འཁྱལ་བ|senseless talk
བརྣབ་སེམས|covetousness
གནོད་སེམས|harmful intent
ལོག་པར་ལྟ་བ|wrong view
མཉམ་པ་ནིད་བཅུ|10 samenesses
མཚན་ཉིད་མེད་པ|lacking truly existence features
མཚན་མ་མེད་པ|lacking truly existence signs and marks
སྐྱེ་བ་མེད་པ|lacking production from four extremes
མ་སྐྱེས་པ|being unproduced
དབེན་པ|being empty
གདོད་མ་ནས་རྣམ་པར་དག་པ|being primordially pure
སྤྲོས་པ་མེད་པ|lacking conceptual elaboration
བླང་དོར་བྱ་བ་མིན་པ|not being objects of cultivation and elimination
རྨི་ལམ་དང་སྒྱུ་མ་དང་མིག་ཡོར་དང་ཆུ་ཟླ་དང་གཟུགས་བརྙན་དང་སྤྲུལ་པ་ལྟ་པར|being like a dream, hallucination, shadow, moon in the water, reflection and emanation
དངོས་པོ་དང་དངོས་པོ་མེད་པ|being a thing or non-thing
ས་བཅུ་ཐེག་པ་གསུམ|10 grounds of three vehicles
ས་བཅུ|10 grounds of three vehicles
དཀར་པོ་རྣམ་པར་མཐོང་བའི་ས|pure seeing ground
རིགས་ཀྱི་ས|family ground
བརྒྱད་པའི་ས|the eighth ground
མཐོང་བའི་ས|seeing ground
བསྲབས་པའི་ས|diminishment ground
འདོད་ཆགས་དང་བྲལ་པའི་ས|ground free from attachment
བྱས་པ་བསྲང་བའི་ས|ground understanding deeds
རང་སངས་སྒྱས་ཀྱི་ས|ground of Solitary Realizer
བྱང་ཆུབ་སེམས་དཔའི་ས|bodhisattva ground
སངས་རྒྱས་ཀྱི་ས|buddha ground
ས་བཅུ|10 bodhisattva grounds of great vehicle
ས་བཅུ་ཐེག་ཆེན|10 bodhisattva grounds of great vehicle
རབ་ཏུ་དགའ་བ|very joyful ground
དྲི་མ་མེད་པ|stainless ground
འོད་བྱེད་པ|luminous ground
འོད་འཕྲོ་བ|radiant ground
སྦྱང་དཀའ་བ|ground difficult to overcome
མངོན་དུ་ཕྱོགས་པ|approaching ground
རིང་དུ་སོང་བ|ground gone afar
མི་གཡོ་པ|immovable ground
ལེགས་པའི་བློ་གྲོས|ground of good intelligence
ཆོས་ཀྱི་སྤྲིན|ground of dharma cloud
ཆོས་སྤྱོད་བཅུ|10 dharma trainings
ཡི་གེ་འདྲི་བ|writing
མཆོད་པ་ཕུལ་བ|worshipping
སྤྱིན་པ་གཏོང་བ|generosity
ཆོས་ཉན་པ|hearing dharma
ཀློག་པ|reading
འཛིན་པ|memorizing
འཆད་པ|preaching
ཁ་ཏོན་དུ་བྱ་བ|recitation
ཆོས་ཀྱི་དོན་སེམས་པ|contemplation
ཆོས་ཀྱི་དོན་སྐྷོམ་པ|meditation
ཆོས་ཀྱི་དབྱིངས་བཅུ|10 spheres of dharma
སངས་རྒྱས|buddha
བྱང་སེམས|bodhisattva
རང་རྒྱལ|solitary realizer
ཉན་ཐོས|hearer
ལྷ|gods
མི|human beings
ལྷ་མ་ཡིན|demigods
དམྱལ་བ|hell beings
ཡི་དྭགས|hungry ghosts
དུད་འགྲོ|animals
ཕ་རོལ་ཏུ་ཕྱིན་པ་བཅུ|10 perfections
སྦྱིན་པ|giving
ཚུལ་ཁྲིམས|morality
བཟོད་པ|patience
བརྩོན་འགྲུས|effort
བསམ་གཏན|concentration
ཤེས་རབ|wisdom
ཐབས|means
སྨོན་ལམ|aspirational
སྟོབས|power
ཡེ་ཤེས|primordial wisdom
རྩ་ཉོན་བཅུ|10 root afflictions
འདོད་ཆགས|desire
ཁོང་ཁྲོ|anger
ང་རྒྱལ|pride
མ་རིག་པ|ignorance
ཐེ་ཚོམ|doubt
འཇིག་ལྟ|view of the transitory collection as real I and mine
མཐར་ལྟ|view holding to an extreme
ལྟ་བ་མཆོག་འཛིན|conception of a (bad) view as supreme
ཚུལ་ཁྲིམས་བརྟུལ་ཞུགས་མཆོག་འཛིན|conception of (bad) ethics and modes of conduct as supreme
ལོག་ལྟ|perverse view
ཟད་པར་གྱི་སྐྱེ་མཆེད་བཅུ|10 totally pervasive concentrations
ཟད་པར་སའི་སྐྱེ་མཆེད|total pervasion of earth
ཟད་པར་ཆུའི་སྐྱེ་མཆེད|total pervasion of water
ཟད་པར་མེའི་སྐྱེ་མཆེད|total pervasion of fire
ཟད་པར་རླུང་གི་སྐྱེ་མཆེད|total pervasion of wind
ཟད་པར་སྔོན་པོའི་སྐྱེ་མཆེད|total pervasion of blue
ཟད་པར་སེར་པོའི་སྐྱེ་མཆེད|total pervasion of yellow
ཟད་པར་དམར་པོའི་སྐྱེ་མཆེད|total pervasion of red
ཟད་པར་དཀར་པོའི་སྐྱེ་མཆེད|total pervasion of white
ཟད་པར་ནམ་མཁའི་སྐྱེ་མཆེད|total pervasion of space
ཟད་པར་རྣམ་པར་ཤེས་པའི་སྐྱེ་མཆེད|total pervasion of consciousness
ཤེས་པ་བཅུ|10 awarenesses
སྡུག་བསྔལ་ཤེས་པ|knowledge of sufferings
ཀུན་འབྱུང་ཤེས་པ|knowledge of the origin of all sufferings
འགོག་པ་ཤེས་པ|knowledge of cessation
ལམ་ཤེས་པ|knowledge of the path
ཟད་པ་ཤེས་པ|knowledge of exhaustion
མི་སྐྱེ་བ་ཤེས་པ|knowledge of non-production
ཆོས་ཤེས་པ|knowledge of dharma
རྫེས་སུ་རྟོགས་པར་ཤེས་པ|subsequent knowledge
ཀུན་རྫོབ་ཤེས་པ|knowledge of conventional phenomena
གཞན་གྱི་སེམས་ཤེས་པ|knowledge of other's mind
སྒྱུ་མའི་དཔེ་བཅུ|10 examples of illusory nature
སྒྱུ་མ|an illusion
མི་ལམ|a dream
སྨིག་རྒྱུ|a mirage; a hallucination
མིག་ཡོར|shadow
ནམ་མཁའི་མེ་ཏོག|a sky-flower
མེ་ལོང་ནང་གི་གཟུགས་བརྙན|a reflection in a mirror
སྒྲ་བརྙན|an echo
དྲི་ཟའི་གྲོང་འཁྱེར|city of smell-eaters
མིག་འཁྲུལ|a magic play
ཆུ་ཟླ|a reflection of the moon in the water
དོན་དམ་པའི་རྣམ་གྲངས|10 synonyms of ultimate truth
ཆོས་ཀྱི་དབྱིངས|space of reality
དེ་ཁོ་ན་ཉིད|thatness
མ་ནོར་བ་དེ་བཞིན་ཉིད|non-fallacy
ཆོས་མི་འགྱུར་བ་ཉིད|unchangeability
མཉམ་པ་ནིད|sameness
སྟོང་པ་ཉིད|emptiness
ཆོས་གནས་པ་ཉིད|dharma continuity
ཡང་དག་པའི་མཐའ|ultimate extreme
དེ་བཞིན་ཉིད|suchness
བསམ་གྱིས་མི་ཁྱབ་པའི་དབྱིངས|unthinkable space; inconceivable space
དགེ་བ་བཅུའི་ལས་ཀྱི་ལམ|10 virtues
སྲོག་གཅོད་པ་སྤོང་བ|not killing
མ་བྱིན་པར་ལེན་པ་སྤོང་བ|not stealing
འདོད་པས་ལོག་པར་གཡེམ་པ་སྤོང་བ|not indulging in sexual misconduct
རྫུན་དུ་སྨྲ་བ་སྤོང་བ|not lying
ཚིག་རྩུབ་མོ་སྨྲ་བ་སྤོང་བ|not using harsh words
ཕྲ་མར་སྨྲ་བ་སྤོང་བ|not slandering
ཚིག་བཀྱལ་བ་སྤོང་བ་ངག་འཁྱལ་བ་སྤོང་བ|not indulging in idle gossip
བརྣབ་སེམས་སྤོང་བ|not being covetous
གནོད་སེམས་སྤོང་བ|not harming others
ལོག་པར་ལྟ་བ་སྤོང་བ|not holding wrong view
མི་སློབ་པའི་ཆོས་བཅུ|10 qualities belonging to the adepts
མི་སློབ་པའི་ཡང་དག་པའི་ལྟ་བ|right understanding as held by the adepts
མི་སློབ་པའི་ཡང་དག་པའི་རྟོག་པ|right thought as held by the adepts
མི་སློབ་པའི་ཡང་དག་པའི་ངག|right speech as held by the adepts
མི་སློབ་པའི་ཡང་དག་པའི་ལས|right activities as held by the adepts
མི་སློབ་པའི་ཡང་དག་པའི་འཚོ་བ|right livelihood as held by the adepts
མི་སློབ་པའི་ཡང་དག་པའི་རྩོལ་བ|right effort as held by the adepts
མི་སློབ་པའི་ཡང་དག་པའི་དྲན་བ|right mindfulness as held by the adepts
མི་སློབ་པའི་ཡང་དག་པའི་ཏིང|right meditative stabilization as held by the adepts
མི་སློབ་པའི་ཡང་དག་པའི་ཐར་བ|right emancipation as held by the adepts
མི་སློབ་པའི་ཡང་དག་པའི་ཤེས|right insight as held by the adepts
འདུ་ཤེས་བཅུ|10 discriminations
མི་རྟག་པ|discrimination of impermanence
སྡུག་བསྔལ|discrimination of suffering
བདག་མེད་པ|discrimination of selflessness
མི་གཙང|discrimination of ugliness
འཆི་བ|discrimination of death
འཇིག་རྟེན་ཐམས་ཅད་མི་བདེ་བ|discrimination of disaffection with everything worldly
ཟལ་ལ་མི་མཐུན་པ|discrimination of revulsion from nutriment
སྤོང་བ|discrimination of elimination
འདོད་ཆགས་དང་བྲལ་བ|discriminaiton of dispassionateness
འགོག་པ|discrimination of cessation
དེ་བཞིན་གཤེགས་པའི་མཚན་བཅུ|10 synonyms of tathāgata
དེ་བཞིན་གཤེགས་པ|tathāgata
དགྲ་བཅོམ་པ|arhat
ཡང་དག་པར་རྫོགས་པའི་སངས་རྒྱས|perfect in enlightenment
རིག་པ་དང་ཤབས་སུ་ལྡན་པ|perfect in knowledge and behaviour
བདེ་བར་གཤེགས་པ|well-gone
འཇིག་རྟེན་མཁྱེན་པ|knower of the worlds
བླ་ན་མེད་པ|the surpassed
སྐྱེས་བུ་འདུལ་བའི་ཁ་ལོ་བསྒྱུར་བ|supreme trainer
སྟོན་པ|teachers of gods and men
སངས་རྒྱས|the fully enlightened one
བཅོམ་ལྡན་འདས|bhagavan
རྒྱལ་བ|the winner
འཇིག་རྟེན་གྱི་གཙོ་བོ|lord of the world
རྗེས་སུ་དྲན་པ་བཅུ|10 recollections
སངས་རྒྱས་རྗེས་སུ་དྲན་པ|recollection of Buddha
ཆོས་རྗེས་སུ་དྲན་པ|recollection of Dharma
དགེ་འདུན་རྗེས་སུ་དྲན་པ|recollection of Sangha
ཚུལ་ཁྲིམས་རྗེས་སུ་དྲན་པ|recollection of moral-discipline
གཏོང་བ་རྗེས་སུ་དྲན་པ|recollection of giving
ལྷ་རྗེས་སུ་དྲན་པ|recollection of the deity
དབུགས་ཕྱི་ནང་རྒྱུ་བ་རྗེས་སུ་དྲན་པ|recollection of the moment of breath
སྐྱེ་བ་རྗེས་སུ་དྲན་པ|recollection of birth
འཆི་བ་རྗེས་སུ་དྲན་པ|recollection of death
ལུས་ཀྱི་རྣམ་པ་རྗེས་སུ་དྲན་པ|recollection of the form of the body
གཟུགས་བཅུ་གཅིག|11 forms
མིག་གི་དབང་པོ|eye sense
རྣ་བའི་དབང་པོ|ear sense
སྣའི་དབང་པོ|nose sense
ལྕེའི་དབང་པོ|tongue sense
ལུས་ཀྱི་དབང་པོ|body sense
གཟུགས|visible form
སྒྲ|sound
དྲི|odor
རོ|taste
རེག་བྱ|tangible object
རྣམ་པར་རིག་བྱེད་མ་ཡིན་པའི་གཟུགས|non-revelatory forms
དགེ་བ་བཅུ་གཅིག|11 virtuous mental factors
དད་པ|faith
ངོ་ཚ་ཤེས་པ|shame
ཁྲེལ་ཡོད་པ|embarrassment
མ་ཆགས་པ|non-attachment
ཞེ་སྡང་མེད་པ|non-hatred
གཏི་མུག་མེད་པ|non-ignorance
བརྩོན་འགྲུས|effort
ཤིན་ཏ་སྦྱངས་པ|pliancy
བག་ཡོད་པ|conscientiousness
བཏང་སྙོམས|equanimity
རྣམ་པར་མི་འཚེ་བ|non-harmfulness
གསུང་རབ་ཡན་ལག་བཅུ་གཉིས|12 scriptural categories
མདོའི་སྡེ|discourses
དབྱངས་ཀྱིས་བསྙད་པའི་སྡེ|intermediate verses
ལུང་བསྟན་པའི་སྡེ|prophetic teachings
ཚིགས་སུ་བཅད་པའི་སྡེ|verses; songs
ཆེད་དུ་བརྗོད་པའི་སྡེ|specific teachings; purposeful statements
གླེང་བཞིའི་སྡེ|introductory teachings
རྟོགས་པར་བརྗོད་པའི་སྡེ|parables; hagiography
དེ་ལྟ་བུ་བྱུང་བའི་སྡེ|legends
སྐྱེས་པའི་རབས་ཀྱི་སྡེ|life stories; birth stories
ཤིན་ཏུ་རྒྱས་པའི་སྡེ|grand scriptural teachings; vast texts
རྨད་དུ་བྱུང་བའི་ཆོས་ཀྱི་སྡེ|marvellous teachings; miraculous qualities
གཏན་ལ་ཕབ་པར་བསྟན་པའི་སྡེ|finalized teachings; delineations
མཛད་པ་བཅུ་གཉིས|12 deeds
དགའ་ལྡན་ནས་འཕོ་བ|descent from Tushita heaven
ཡུམ་གྱི་ལྷུམས་སུ་བཞུགས་པ|entering the womb of his mother
སྐུ་བལྟམས་པ|taking birth
བཟོའི་གནས་ལ་མཁས་པར་སྟོན་པ|displaying his skill in the worldly arts
བཙུན་མོའི་འཁོར་དུ་དགྱེས་པར་རོལ་བ|enjoyments with the women of the harem
རབ་ཏུ་བྱུ་བ|renunciation and ordination as a monk
དཀའ་པ་སྤྱད་པ|practising arduous discipline
བྱང་ཆུབ་ཤིང་དྲུང་དུ་བཞུགས་པ|meditating under the Bodhi tree
བདུད་སྡེ་བཅོམ་པ|defeating the host of demons
སངས་རྒྱས་པ|attaining full enlightenment
ཆོས་འཁོར་བསྐོར་བ|turning the wheel of doctrine
སྐུ་མྱ་ངན་ལས་འདས་པ|passing into the state of peace
སྐྱེ་མཆེད་བཅུ་གཉིས|12 sources
མིག་གི་དབང་པོ|eye sense power
རྣ་བའི་དབང་པོ|ear sense power
སྣའི་དབང་པོ|nose sense power
ལྕེའི་དབང་པོ|tongue sense power
ལུས་ཀྱི་དབང་པོ|body sense power
ཡིད་ཀྱི་དབང་པོ|mental sense power
གཟུགས|visible form
སྒྲ|sound
དྲི|odor
རོ|taste
རེག་བྱ|tangible object
ཆོས་ཀྱི་སྐྱེ་མཆེད|phenomenon-source
རྣམ་པར་རིག་བྱེད་མ་ཡིན་པའི་གཟུགས|non-revelatory forms
ཚོར་བའི་ཕུང་པོ|feeling
འདུ་ཤེས་ཀྱི་ཕུང་པོ|discrimination
འདུ་བྱེད་ཀྱི་ཕུང་པོ|compositional factors
འདུས་མ་བྱས་ཀྱི་ཆོས་གསུམ|3 uncompounded phenomena
སྒྱུ་མའི་དཔེ་བཅུ་གཉིས|12 examples of illusory nature
སྒྱུ་མ|an illusion
རྨི་ལམ|a dream
སྨིག་རྒྱུ|a mirage; a hallucination
མིག་ཡོར|shadow
མེ་ལོང་ནང་གི་གཟུགས་བརྙན|a reflection in a mirror
སྒྲ་བརྙན|an echo
དྲི་ཟའི་གྲོང་འཁྱེར|city of smell-eaters
མིག་འཁྱུལ|a magic play
ཆུ་ཟླ|a reflection of the moon in the water
འཇའ་ཚོན|a rainbow
གློག|a bolt of lightning
ཆུ་བུར|a water bubble
རྟེན་འབྲེལ་ཡན་ལག་བཅུ་གཉིས|12 branches of dependent-arising
མ་རིག་པ|ignorance
ལས|action
རྣམ་ཤེས|consciousness
མིང་གཟུགས|name and form
སྐྱེ་མཆེད་དྲུག|6 sources
རེག་པ|contact
ཚོར་བ|feeling
སྲེད་པ|attachment
ལེན་པ|grasping
སྲིད་པ|existence
སྐྱེ་བ|birth
རྒ་ཤི|aging and death
སྦྱངས་པའི་ཡོན་ཏན་བཅུ་གཉིས|12 ascetic practices
ཕྱག་དར་ཁྲོད་པ|wearing robes made of rags
ཆོས་གོས་གསུམ་པ|wearing the three dharma robes
ཕྱིང་བ་པ|wearing robes made only of wool
བསོད་སྙོམས་པ|subsisting on alms
སྟན་གཅིག་པ|eating one's food in one sitting
ཟས་ཕྱིས་མི་ལེན་པ|not accepting food after having risen from one's seat
དགོན་པ་བ|dwelling in a hermitage
ཤིང་དྲུངས་པ|dwelling at the foot of a tree
བླ་གབ་མེད་པ|dwelling in an open and unsheltered place
དུར་ཁྲོད་པ|dwelling in cemetries
ཙོག་པུ་པ|remaining in the sitting posture
གཞི་ཇི་བཞིན་པ|sleeping wherever one may happen to be
མུ་སྟེགས་ཅན་གྱི་བདག་གི་རྣམ་གྲངས་བཅུ་གསུམ|13 selves of the non-buddhists
བདག|ātmā
སེམས་ཅན|sattva
སྲོག|jīva
སྐྱེ་བ་པོ|jantu
གསོ་བ|poṣa
སྐྱེས་བུ|puruṣa
གང་ཟག|pudgala
ཤེད་ལས་སྐྱེས་པ|manuja
ཤེད་བུ|mānava
བྱེད་པ་པོ|kāraka
ཚོར་བ་པོ|vedaka
ཤེས་པ་པོ|jānaka
མཐོང་བ་པོ|pashyaka
ལྡན་མིན་འདུ་བྱེད་བཅུ་བཞི|14 non-associated compositional factors
འཐོབ་པ|acquisition
མ་འཐོབ་པ|non-acquisition
རིགས་འཐུན་པ|similarity of type
འདུ་ཤེས་མེད་པ་བ|one having no discrimination
འདུ་ཤེས་མེད་པའི་སྙོམས་འཇུག|absorption without discrimination
འགོག་པའི་སྙོམས་འཇུག|absorption of cessation
སྲོག་གི་དབང་པོ|life faculty
སྐྱེ་བ|birth
རྒ་བ|aging
གནས་པ|duration
མི་རྟག་པ|impermanence
མིང་གི་ཚོགས|group of stems
ཚིག་གི་ཚོགས|group of words
ཡི་གེའི་ཚོགས|group of letters
ལྡན་མིན་འདུ་བྱེད་བཅུ་བཞི|14 non-associated compositional factors
འཐོབ་པ|acquisition
འདུ་ཤེས་མེད་པའི་སྙོམས་འཇུག|absorption without discrimination
འགོག་པའི་སྙོམས་འཇུག|absorption of cessation
འདུ་ཤེས་མེད་པ་བ|one having no discrimination
སྲོག་གི་དབང་པོ|life faculty
རིགས་འཐུན་པ|similarity of type
སྐྱེ་བ|birth
རྒ་བ|aging
གནས་པ|duration
མི་རྟག་པ་ཉིད|impermanence
མིང་གི་ཚོགས|group of stems
ཚིག་གི་ཚོགས|group of words
ཡི་གེའི་ཚོགས|group of letters
སོ་སོ་སྐྱེ་བོ་ཉིད|state of an ordinary being
ལུང་དུ་མ་བསྟན་པའི་ཆོས་བཅུ་བཞི|14 unspecified views
འཇིག་རྟེན་རྟག་པ|a permanent world
འཇིག་རྟེན་མི་རྟག|an impermanent world
འཇིག་རྟེན་རྟག་ཀྱང་རྟག་ལ་མི་རྟག་ཀྱང་མི་རྟག་པ|a world which is both permanent and impermanent
རྟག་པ་ཡང་མ་ཡིན་མི་རྟག་པ་ཡང་མ་ཡིན|a world which is neither permanent nor impermanent
འཇིག་རྟེན་མཐའ་ཡོད་པ|a world which has an end
འཇིག་རྟེན་མཐའ་ཡོད་པ་མ་ཡིན|a world which has no end
མཐའ་ཡོད་ཀྱང་ཡོད་ལ་མཐའ་མེད་ཀྱང་མེད|a world which is both with and without an end
མཐའ་ཡོད་པ་ཡང་མ་ཡིན|a world which is neither with nor without an end
དེ་བཞིན་གཤེགས་པ་ཞི་ནས་ཡོད|existence of Buddha after passing into peace
དེ་བཞིན་གཤེགས་པ་ཞི་ནས་མེད|non-existence of Buddha after passing into peace
དེ་བཞིན་གཤེགས་པ་ཞི་ནས་ཡོད་ཀྱང་ཡོད་ལ་མེད་ཀྱང་མེད|a Buddha who is both existent and non-existent after passing into peace
དེ་བཞིན་གཤེགས་པ་ཞི་ནས་ཡོད་པ་ཡང་མ་ཡིན་མེད་པ་ཡང་མ་ཡིན|a Buddha who is neither existent nor non-existent after passing into peace
སྲོག་དེ་ལུས་ཡིན|life-force is the body
སྲོག་ཀྱང་གཞན་ལ་ལུས་ཀྱང་གཞན|life-force and body are independent of each other
གཟུགས་བཅོ་ལྔ|15 forms
སའི་ཁམས|element of earth
ཆུའི་ཁམས|element of water
མེའི་ཁམས|element of fire
རླུང་གི་ཁམས|element of wind
མིག་གི་དབང་པོ|eye sense
མ་བའི་དབང་པོ|ear sense
སྣའི་དབང་པོ|nose sense
ལྕེའི་དབང་པོ|tongue sense
ལུས་ཀྱི་དབང་པོ|body sense
གཟུགས|visible form
ཁ་དོག|color
དབྱིབས|shape
སྒྲ|sound
ཟིན་པའི་འབྱུང་བ་ཆེན་པོ་རྒྱུར་བྱས་ཀ་པ|sound caused by elements conjoined with consciousness
མ་ཟིན་པའི་འབྱུང་བ་ཆེན་པོ་རྒྱུར་བྱས་པ|sound caused by elements not conjoined with consciousness
དྲི|odor
དྲི་ཞིམ་པ|fragrant odor
དྲི་མི་ཞིམ་པ|unfragrant odor
རོ|taste
རེག་བྱའི་ཕྱོགས་གཅིག|a branch of tangible object
འཇམ་པ|smoothness
རྩུབ|roughness
ལྕི་བ|heaviness
གྲང་བ|cold
བཀྲེས་པ|hunger
སྐོམ་པ|thirst
ཆོས་ཀྱི་སྐྱེ་མཆེད་པའི་གཟུགས|form for the mental consciousness
བསྡུ་བ་ལས་གྱུར་བ|form arising from aggregation (of eight substances)
མངོན་པར་སྐབས་ཡོད་པ|space-form
ཡང་དག་པར་བླངས་པ་ལས་གྱུར་བ|form arising from promises
ཀུན་བཏགས་པ|imaginary form
དབང་འབྱོར་བ|form for one with meditative power
ཡུལ་ཆེན་བཅུ་དྲུག|16 great states
ཨང་ག|aṅga
ཡུལ་མ་ག་དྷ|magadha
ཀཱ་ཤཱི་ཀ|kāshī
ཀོ་ཤ་ལཱ|koshala
བརི་ཛི|vriji
མ་ལ་ཡ|malla
ཅེ་དཱི|ceḍī
བ་ཙ|vatsa
ཀུ་རུ|kuru
ལྔ་ལེན་པ|panycāla
ཨ་ཤྭ་ཀ|ashvaka
ཨ་བན་ཏི|avantī
ཨ་བན་ཏི་བསྲུང|avantī
མ་ཙྱ|matsya
ཤཱུ་ར་སེ་ན|shῡrasena
གན་དྷཱ་ར|gandhāra
ཀམ་བོ་ཇ|kamboja
མཐོང་ལམ་སྐད་ཅིག་མ་བཅུ་དྲུག|16 moments (of cognition and forbearance) of the path of seeing
མཐོང་ལམ་ཤེས་བཟོད་སྐད་ཅིག་མ་བཅུ་དྲུག|16 moments (of cognition and forbearance) of the path of seeing
སྡུག་བསྔལ་ཆོས་བཟོད|forbearance with the reality of suffering
སྡུག་བསྔལ་ཆོས་ཤེས|cognition of the reality of suffering
སྡུག་བསྔལ་རྗེས་བཟོད|subsequent forbearance with suffering
སྡུག་བསྔལ་རྗེས་ཤེས|subsequent cognition of suffering
ཀུན་འབྱུང་ཆོས་བཟོད|forbearance with the reality of the origin of suffering
ཀུན་འབྱུང་ཆོས་ཤེས|cognition of the reality of the origin of suffering
ཀུན་འབྱུང་རྗེས་བཟོད|subsequent forbearance with the origin of suffering
ཀུན་འབྱུང་རྗེས་ཤེས|subsequent cognition of the origin of suffering
འགོག་པ་ཆོས་བཟོད|forbearance with the reality of the cessation of suffering
འགོག་པ་ཆོས་ཤེས|cognition of the reality of the cessation of suffering
འགོག་པ་རྗེས་བཟོད|subsequent forbearance with the cessation of suffering
འགོག་པ་རྗེས་ཤེས|subsequent cognition of the cessation of suffering
ལམ་ཆོས་བཟོད|forbearance with the reality of the path
ལམ་ཆོས་ཤེས|cognition of the reality of the path
ལམ་རྗེས་བཟོད|subsequent forbearance with the path
ལམ་རྗེས་ཤེས|subsequent cognition of the path
སྟོང་ཉིད་བཅུ་དྲུག|16 emptinesses
ནང་སྟོང་པ་ཉིད|emptiness of the internal
ཕྱི་སྟོང་པ་ཉིད|emptiness of the external
ཕྱི་ནང་གཉིས་ཀ་སྟོང་པ་ཉིད|emptiness of the internal and the external
སྟོང་པ་ཉིད་སྟོང་པ་ཉིད|emptiness of emptiness
ཆེན་པོ་སྟོང་པ་ཉིད|emptiness of the great
དོན་དམ་པ་སྟོང་པ་ཉིད|emptiness of the ultimate
འདུས་བྱས་སྟོང་པ་ཉིད|emptiness of compounded phenomena
འདུས་མ་བྱས་སྟོང་པ་ཉིད|emptiness of uncompounded phenomena
མཐའ་ལས་འདས་པ་སྟོང་པ་ཉིད|emptiness of what has passed beyond the extremes
ཐོག་མ་དང་ཐ་མ་མེད་པ་སྟོང་པ་ཉིད|emptiness of what is beginningless and endless
དོར་བ་མེད་པ་སྟོང་པ་ཉིད|emptiness of the indestructible
རང་བཞིན་སྟོང་པ་ཉིད|emptiness of nature
ཆོས་ཐམས་ཅད་སྟོང་པ་ཉིད|emptiness of all phenomena
རང་གི་མཚན་ཉིད་སྟོང་པ་ཉིད|emptiness of definitions
མི་དམིགས་པ་སྟོང་པ་ཉིད|emptiness of the unapprehendable
དངོས་པོ་མེད་པའི་ངོ་བོ་ཉིད་སྟོང་པ་ཉིད|emptiness of the inherent existence of non-things
མི་རྟག་སོགས་བཅུ་དྲུག|16 attributes of the four noble truths
སྡུག་བདེན་གྱི་རྣམ་པ་བཞི|4 attributes of the noble truth of suffering
མི་རྟག་པའི་རྣམ་པ|impermanence
སྡུག་བསྔལ་བའི་རྣམ་པ|suffering; misery
སྟོང་པའི་རྣམ་པ|emptiness
བདག་མེད་པའི་རྣམ་པ|selflessness
ཀུན་འབྱུང་བདེན་པའི་ཁྱད་ཆོས་བཞི|4 attributes of the truth of the origin of suffering
རྒྱུ|cause
ཀུན་འབྱུང|origin of all
རབ་སྐྱེས|production
རྐྱེན|condition
འགོག་བདེན་གྱི་ཁྱད་ཆོས་བཞི|4 attributes of the noble truth of cessation
འགོག་པ|cessation
ཞི་བ|pacification
གྱ་ནོམ་པ|excellence
ངེས་འབྱུང|renunciation; definite emergence
ལམ་བདེན་གྱི་ཁྱད་ཆོས་བཞི|4 features of the noble truth of path
ལམ|path
རིགས་པ|suitability
སྒྲུབ་པ|achievement
ངེས་འབྱིན|deliverance
གནས་བརྟན་བཅུ་དྲུག|16 elder ārhats
བྷཱ་ར་དྭཱ་ཇ་བསོད་སྙོམས་ལེན|piṇḍolabhāradvāja
གསེར་གྱི་བེའུ|kanakavatsa
བྷཱ་ར་དྭཱ་ཇ་གསེར་ཅན|kanakabhāradvāja
སྦེད་བྱེད|supiṇḍa
ན་ཀུ་ལ|nakula
བཟང་པོ|bhadra
དུས་ལྡན|kārika
རྡོ་རྗེ་མོའི་བུ|vajraputra
མི་ཕྱེད་པ|supāka
ལམ་ཆེན་བསྡན|panthaka
སྒྲ་གཅན་འཛན|rāhula
ཀླུའི་སྡེ|nāgasena
ཡན་ལག་འབྱུང|ingata
ནགས་ན་གནས|vanavāsī
མ་ཕམ་པ|ajita
ལམ་ཕྲན་བསྟན|cῡḍapanthaka
སངས་སྒྱས་ཀྱི་ཆོས་མ་འདྲེས་པ་བཅོ་བརྒྱད|18 unshared qualities of a buddha
སྐུའི་སྤྱོད་པ་འཁྲུལ་བ་མི་མངའ་བ|possessing unmistaken bodily qualities
གསུང་ཅ་ཅོ་མི་མངའ་བ|not possessing uncontrolled speech
དྲན་པ་ཉམས་པ་མི་མངའ་བ|possessing undeclining memory
ཐུགས་མཉམ་པར་མ་གཞག་པ་མི་མངའ་བ|constant abidance in meditative equipoise not having the various
བླང་དོར་ངོ་བོ་ཉིད་ཀྱི་གྲུབ་བའི་ཐ་དད་པ་ཉིད་ཀྱི་འདུ་ཤེས་མི་མངའ་བ|discriminations of one-pointedly apprehending cyclic existence as to be forsaken and nirvana as to be attained
སོ་སོར་བ་བརྟག་པའི་བཏང་སྙོམས་མི་མངའ་བ|possessing indiscriminate equanimity
འདུན་པ་ཉམས་པ་མི་མངའ་བ|possessing undeclining aspiration
བརྩོན་འགྲུས་ཉམས་པ་མི་མངའ་བ|possessing undeclining effort
སེམས་ཅན་འདུལ་བའི་ཐབས་དྲན་པ་ཉམས་པ་མི་མངའི་བ|possessing undeclining mindfulness as a means for taming sentient beings
ཏིང་ངེ་འཛིན་ཉམས་པ་མི་མངའ་བ|possessing undeclining meditative stabilization
ཤེས་རབ་ཉམས་པ་མི་མངའ་བ|possessing undeclining wisdom
རྣམ་པར་གྲོལ་བ་ཉམས་པ་མི་མངའ་བ|possessing undeclining liberation
རྣམ་པར་གྲོལ་བའི་ཡེ་ཤེས་མཐོང་བ་ཉམས་པ་མི་མངའ་བ|possessing undeclining wisdom of thorough liberation
སྐུའི་འཕྲིན་ལས|virtuous activity of body
གསུང་གི་འཕྲིན་ལས|virtuous activity of speech
ཐུགས་ཀྱི་འཕྲིན་ལས|virtuous activity of mind
འདས་པའི་དུས་མཁྱེན་པ་ལ་མ་ཆགས་མ་ཐོགས་པའ་པའི་ཡེ་ཤེས|unobstructed wisdom concerning the past
མ་འོངས་པའི་དུས་མཁྱེན་པ་ལ་མ་ཆགས་མ་ཐོགས་པའི་ཡེ་ཤེས|unobstructed wisdom concerning the future
ད་ལྟ་བ་མཁྱེན་པ་ལ་མ་ཆགས་མ་ཐོགས་པའི་ཡེ་ཤེས|unobstructed wisdom concerning the present
ཉན་ཐོས་ཀྱི་གང་ཟག|18 saṅghas
དགེ་འདུན་བཅོ་བརྒྱད|18 saṅghas
དད་པས་རྗེས་སུ་འབྲང་བ|a follower by faith
ཆོས་ཀྱི་རྗེས་སུ་འབྲང་བ|a follower of reason
དད་པས་མོས་པ|a devotee by faith
མཐོང་བས་ཐོབ་པ|one who has attained the correct view
ལུས་ཀྱིས་མངོན་དུ་བྱེད་པ|one who has witnessed the cessation of the body
རིགས་ནས་རིགས་སུ་སྐྱེ་བ|one born from family to family
བར་ཆད་གཅིག་པ|he who is bound by one obstacle only
རྒྱུན་ཞུགས་ཞུགས་པ|enterer into the fruit of a stream-winner
རྒྱུན་ཞུགས་འབྲས་གནས|abider in the fruit of a stream winner
ཕྱིར་འོང་ཞུགས་པ|enterer into the fruit of a once-returner
ཕྱིར་འོང་འབྲས་གནས|abider in the fruit of a once-returner
ཕྱིར་མི་འོང་ཞུགས་པ|enterer into the fruit of a never returner
ཕྱིར་མི་འོང་འབྲས་གནས|abider in the fruit of a never returner
བར་མ་དོར་ཡོངས་སུ་མྱ་ངན་ལས་འདས་པ|one who attains liberation without interruption
སྐྱེས་ནས་ཡོངས་སུ་མྱ་ངན་ལས་འདའ་བ|he who attains liberation as he is reborn
མངོན་པར་འདུ་བྱེད་བ་དང་བཅས་པས་ཡོངས་སུ་མྱ་ངན་ལས་འདའ་བ|he who attains liberation with great effort
མངོན་པར་འདུ་བྱེད་པ་མེད་པར་ཡོངས་སུ་མྱ་ངན་ལས་འདའ་བ|he who attains liberation without great effort
གོང་དུ་འཕོ་བ|he who progresses higher
སྟོང་ཉིད་བཅོ་བརྒྱད|18 emptinesses
ནང་སྟོང་པ་ཉིད|emptiness of the internal
ཕྱི་སྟོང་པ་ཉིད|emptiness of the external
ཕྱི་ནང་གཉིས་ཀ་སྟོང་པ་ཉིད|emptiness of the internal and the external
སྟོང་པ་ཉིད་སྟོང་པ་ཉིད|emptiness of emptiness
ཆེན་པོ་སྟོང་པ་ཉིད|emptiness of the great
དོན་དམ་པ་སྟོང་པ་ཉིད|emptiness of the ultimate
འདུས་བྱས་སྟོང་པ་ཉིད|emptiness of compounded phenomena
འདུས་མ་བྱས་སྟོང་པ་ཉིད|emptiness of uncompounded phenomena
མཐའ་ལས་འདས་པ་སྟོང་པ་ཉིད|emptiness of what has passed beyond the extremes
ཐོག་མ་དང་ཐ་མ་མེད་པ་སྟོང་པ་ཉིད|emptiness of what is beginningless and endless
དོར་བ་མེད་པ་སྟོང་པ་ཉིད|emptiness of the indestructible
རང་བཞིན་སྟོང་པ་ཉིད|emptiness of nature
ཆོས་ཐམས་ཅད་སྟོང་པ་ཉིད|emptiness of all phenomena
རང་གི་མཚན་ཉིད་སྟོང་པ་ཉིད|emptiness of definitions
མི་དམིགས་པ་སྟོང་པ་ཉིད|emptiness of the unapprehendable
དངོས་པོ་མེད་པའི་སྟོང་པ་ཉིད|emptiness of non-things
རང་གི་ངོ་བོ་སྟོང་པ་ཉིད|emptiness of its own entityness
དངོས་པོ་མེད་པའི་ངོ་བོ་ཉིད་སྟོང་པ་ཉིད|emptiness of the inherent existence of non-things
སྡེ་པ་བཅུ་བརྒྱད་པོ|18 schools
འཕགས་པ་གནས་བརྟན་པ|ārya-sthavira-vādinas
ས་སྟོན་པའི་སྡེ|mahīshāsakavādinas
རྣམ་པར་ཕྱེ་སྟེ་སྨྲ་བའི་སྡེ|vibhajyavādinas
ཆོས་སྲུང་སྡེ|dharmaguptavādinas
གངས་རི་བོའི་སྡེ|haimavatavādinas
གནས་བརྟན་པའི་སྡེ་པ་རྩ་བ|mῡla-sthaviravādinas
གོས་དམར་སྡེ|tāmrashātīyavādinas
འཕགས་པ་དགེ་འདུན་ཕལ་ཆེན་པ|ārya-mahāsāṃghikavādinas
དགེ་འདུན་ཕལ་ཆེན་པའི་སྡེ|mῡla-mahāsāṃghikavādinas
ཐ་སྙད་གཅིག་པའི་སྡེ|ekavyāvahārikavādinas
འཇིག་རྟན་འདས་སྨྲའི་སྡེ|lokottarvādinas
བྱ་གག་རིས་ཀྱི་སྡེ|kukkuṭikavādinas
བ་ལང་གནས་པའི་སྡེ|gokulikavādinas
མང་ཏུ་ཐོས་པའི་སྡེ|bahushrutiyavādinas
བཏགས་པར་སྨྲ་བའི་སྡེ|prajnyaptivādinas
མཆོད་རྟེན་པའི་སྡེ|caitikavādinas
འཕགས་པ་གནས་མ་བུ|ārya-vātsīputrīyavādinas
གནས་མ་བུའི་སྡེ་པ་རྩ་བ|mῡla-vātsīputrīyavādinas
ཆོས་མཆོག་པའི་སྡེ|dharmottarīyavādinas
བཟང་པོ་བུའི་སྡེ|bhadrāyanīyavādinas
གྲོང་ཁྱེར་དྲུག་པའི་སྡེ|shaṇṇāgarikavādinas
ཀུན་ཀྱིས་བཀུར་བའི་སྡེ|saṃmatīyavādinas
ཀུ་ལུ་ཀུ་ལླེ|kāurukullakavādinas
ས་སྒྲོགས་རིས་ཀྱི་སྡེ|kāurukullakavādinas
བསྲུང་བ་པའི་སྡེ|avantakavādinas
འཕགས་པ་ཐམས་ཅད་ཡོད་པར་སྨྲ་བ|āryasarvāsti vādinas
གཞི་ཐམས་ཅད་ཡོད་པར་སྨྲ་བའི་སྡེ|mῡla-sarvāstivādinas
འོད་སྲུང་པའི་སྡེ|kāshyapīyavādinas
འཕོ་བར་སྨྲ་བའི་སྡེ|saṃkrāntivādinas
སྡེ་པ་གཞན་དག|other later schools
གཙུག་ལག་ཁང་ཆེན་ལ་གནས་པའི་སྡེ|mahāvihāravādinas
རྒྱལ་བྱེད་ཚལ་ན་གནས་པའི་སྡེ|jetavanīyavādinas
འཇིགས་མེད་རི་ལ་གནས་པའི་སྡེ|abhayagirivādinas
ཤར་གྱི་བོའི་སྡེ|pῡrvashailavādinas
ནུབ་ཀྱི་རི་བོའི་སྡེ|aparashailavādinas
བྱང་གི་རི་བོའི་སྡེ|uttarashailavādinas
རྒྱལ་པོ་རི་བོའི་སྡེ|rājagirikavādinas
དོན་གྲུབ་པའི་སྡེ|siddhārthavādinas
མདོ་སྡེ་སྨྲ་བའི་སྡེ|sautrāntikavādinas
ཁམས་བཅོ་བརྒྱད|18 constituents
མིག་གི་དབང་པོ|eye sense power
རྣ་བའི་དབང་པོ|ear sense power
སྣའི་དབང་པོ|nose sense power
ལྕེའི་དབང་པོ|tongue sense power
ལུས་ཀྱི་དབང་པོ|body sense power
ཡིད་ཀྱི་དབང་པོ|mental sense power
གཟུགས|visible form
སྒྲ|sound
དྲི|odor
རོ|taste
རེག་བྱ|tangible object
ཆོས་ཀྱི་ཁམས|phenomenon-source
མིག་གི་རྣམ་ཤེས|eye consciousness
རྣ་བའི་རྣམ་ཤེས|ear consciousness
སྣའི་རྣམ་ཤེས|nose consciousness
ལྕེའི་རྣམ་ཤེས|tongue consciousness
ལུས་ཀྱི་རྣམ་ཤེས|body consciousness
ཡིད་ཀྱི་རྣམ་ཤེས|mental consciousness
ཉེ་ཉོན་ཉི་ཤུ|20 secondary afflictions
ཁྲོ་བ|belligerence
འཁོན་འཛིན|resentment
འཆབ་པ|concealment
འཚིག་པ|spite
ཕྲག་དོག|jealousy
སེར་སྣ|miserliness
སྒྱུ|deceit
གཡོ|dissimulation
རྒྱགས་པ|haughtiness
རྣམ་པར་འཚེ་བ|harmfulness
ངོ་ཚ་མེད་པ|non-shame
ཁྲེལ་མེད་པ|non-embarrassment
རྨུགས་པ|lethargy
རྒོད་པ|excitement
མ་དད་པ|non-faith
ལེ་ལོ|laziness
བག་མེད་པ|non-conscientiousness
བརྗེད་ངེས་པ|forgetfulness
ཤེས་བཞིན་མ་ཡིན་པ|non-introspection
རྣམ་པར་གཡེང་བ|distraction
དབང་པོ་ཉི་ཤུ་རྩ་གཉིས|22 powers
མིག་གི་དབང་པོ|eye sense power
རྣ་བའི་དབང་པོ|ear sense power
སྣའི་དབང་པོ|nose sense power
ལྩེའི་དབང་པོ|tongue sense power
ལུས་ཀྱི་དབང་པོ|body sense power
ཡིད་ཀྱི་དབང་པོ|mental sense power
མོའི་དབང་པོ|female faculty
ཕོའི་དབང་པོ|male faculty
སྲོག་གི་དབང་པོ|faculty of life
སྡུག་བསྔལ་གྱི་དབང་པོ|faculty of suffering
བདེ་བའི་དབང་པོ|faculty of joy
ཡིད་མི་བདེའི་དབང་པོ|faculty of mental sorrow
ཡིད་བདེའི་དབང་པོ|faculty of mental happiness
བཏང་སྙོམས་ཀྱི་དབང་པོ|faculty of equanimity
དད་པའི་དབང་པོ|power of faith
བརྩོན་འགྲུས་ཀྱི་དབང་པོ|power of effort
དྲན་པའི་དབང་པོ|power of mindfulness
ཏིང་ངེ་འཛིན་གྱི་དབང་པོ|power of meditative stabilization
ཤེས་རབ་ཀྱི་དབང་པོ|power of wisdom
མི་ཤེས་པ་ཀུན་ཤེས་པའི་དབང་པོ|faculty of knowing all that is unknown
ཀུན་ཤེས་པའི་དབང་པོ|faculty of knowing all
ཀུན་ཤེས་པ་དང་ལྡན་པའི་དབང་པོ|faculty of that which has the quality of knowing all
ལྡན་མིན་འདུ་བྱེད་ཉེར་གསུམ|23 non-associated compositional factors
འཐོབ་པ|acquisition
འདུ་ཤེས་མེད་པའི་སྙོམས་འཇུག|absorption without discrimination
འགོག་པའི་སྙོམས་འཇུག|absorption of cessation
འདུ་ཤེས་མེད་པ་བ|one having no discrimination
སྲོག་གི་དབང་པོ|life faculty
རིགས་འཐུན་པ|similarity of type
སྐྱེ་བ|birth
རྒ་བ|aging
གནས་པ|duration
མི་རྟག་པ་ཉིད|impermanence
མིང་གི་ཚོགས|group of stems
ཚིག་གི་ཚོགས|group of words
ཡི་གེའི་ཚོགས|group of letters
སོ་སྐྱེ|ordinary being
འཇུག་པ|continuity
སོ་སོར་ངེས་པ|distinction
འབྱོར་འགྲེལ|relatedness
འགྱོགས་པ|rapidity
གོ་རིམ|order
དུས|time
ཡུལ|area
གྲངས|number
ཚོགས་པ|collection
ལྡན་མིན་འདུ་བྱེད་ཉེར་བཞི|24 non-associated compositional factors
འཐོབ་པ|acquisition
སྲོག་གི་དབང་པོ|life faculty
རིགས་འཐུན་པ|similarity of type
སོ་སོ་སྐྱེ་བོ་ཉིད|state of an ordinary being
འདུ་ཤེས་མེད་པའི་སྙོམས་འཇུག|absorption without discrimination
འགོག་པའི་སྙོམས་འཇུག|absorption of cessation
འདུ་ཤེས་མེད་པ་བ|one having no discrimination
མིང་གི་ཚོགས|group of stems
ཚིག་གི་ཚོགས|group of words
ཡི་གེའི་ཚོགས|group of letters
སྐྱེ་བ|birth
རྒ་བ|aging
གནས་པ|duration
མི་རྟག་པ|impermanence
འཇུག་པ|continuity
སོ་སོར་ངེས་པ|distinction
འབྱོར་འགྲེལ|relatedness
འགྱོགས་པ|rapidity
གོ་རིམ|order
ཡུལ|area
དུས|time
གྲངས|number
སྤྱོད་པ་མཐུན་པའི་ཚགས|collection of same kind; composition
འདུ་བ|composition; collection of same kind
སྤྱོད་པ་མི་མཐུན་པའི་ཚགས|collection of different kind; non-composition
འདུ་བ་མིན་པ|non-composition;collection of different kind
ལྷ་ཉི་ཤུ་རྩ་བརྒྱད|28 gods
འདོད་ལྷ་རིགས་དྲུག|6 types of the gods of the desire realm
རྒྱས་ཆེན་རིགས་བཞི|4 great royal lineages
ཤར་དུ་ཡུལ་འཁོར་སྲུང|dhritaraṣṭra in the east
ལྷོ་རུ་འཕགས་སྐྱེས་བུ|virῡḍhaka in the south
ནུབ་ཏུ་སྤྱན་མི་བཟང|virῡpakṣa in the west
བྱང་དུ་རྨམ་ཐོས་སྲས|vaishravana in the north
སུམ་ཅུ་རྩ་གསུམ|gods of the thirty-three
འཐབ་བྲལ|gods of non-combat
དགའ་ལྡན|gods of joyous
འཕྲུལ་དགའ|gods enjoying emanation
གཞན་འཕྲུལ་དབང་བྱེད|gods controlling other's emanations
བསམ་གཏན་དང་པོའི་གནམ་གསུམ|3 levels of the first concentration
ཚངས་རིས|brahmā type
ཚངས་པ་མདུན་འདོན|in front of brahmā
ཚངས་ཆེན|great Brahmā
བསམ་གཏན་གཉིས་པའི་གནམ་གསུམ|3 levels of the second concentration
འོད་ཆུང|little light
ཚད་མེད་འོད|limitless light
འོད་གསལ|bright light
བསམ་གཏན་གསུམ་པའི་གནམ་གསུམ|3 levels of the third concentration
དགེ་ཆུང|little bliss
ཚད་མེད་དགེ|limitless bliss
དགེ་རྒྱས|vast bliss
བསམ་གཏན་བཞི|9 levels of the fourth concentration
སྤྲིན་མེད|cloudless
བསོད་ནམས་སྐྱེས|born from merit
འབྲས་བུ་ཆེ|great fruit
འདུ་ཤེས་མེད་པའི་སེམས་ཅན|a god of no discrimination
མི་ཆེ་བ|not great
མི་གདུང་བ|without pain
གྱ་ནོམ་སྣང་བ|excellent appearance
ཤིན་ཏུ་མཐོང་བ|excellent perception
འོག་མིན|not low
གཟུགས་མེད་པ་བཞི|4 gods of formless realm
ནམ་མཁའ་མཐའ་ཡས་སྐྱེ་མཆེད|infinite space
རྣམ་ཤེས་མཐའ་ཡས་སྐྱེ་མཆེད|infinite consciousness
ཅི་ཡང་མེད་པའི་སྐྱེ་མཆེད|nothingness
འདུ་ཤེས་མེད་འདུ་ཤེས་མེད་མིན་སྐྱེ་མཆེད|peak of cyclic existence
འདུ་ཤེས་མེད་འདུ་ཤེས་མེད་མིན་སྐྱེ་མཆེད་སྲིད་རྩེ|peak of cyclic existence
སྐྱེས་བུ་ཆེན་པོའི་མཚན་སུམ་ཅུ་རྩ་གཉིས|32 major marks of a buddha
དབུ་གཙུག་ཏོར་དང་ལྡན་པ|He has a protrusion on the crown of His head
དབུ་སྐྲ་གཡས་སུ་འཁྱིལ་བ|the hair on His head turning to the right side
དབྲལ་བའི་དབྱེས་མཉམ་པ|He has a broad and open forehead
མཛོད་སྤུ|His face is adorned by a coiled hair between His eyebrows
སྤྱན་མཐོན་མཐིང་ཅན|His eyes are the color of sapphire
བའི་རྫི་མ་ལྟ་བུ|His eyelashes are like those of a magnificant heifer
ཚེམས་བཞི་བཅུ་མངའ་བ|He has a total of forty teeth
ཚེམས་མཉམ་པ|His teeth are evenly set
ཚེམས་ཐགས་བཟང་བ|there are no gaps between His teeth
ཚེམས་ཤིན་ཏུ་དཀར་བ|His teeth are white
རོ་བྲོ་བའི་མཆོག་དང་ལྡན་པ|He has an excellent sense of taste
གྲམ་པ་སེང་གེ་འདྲ་བ|His cheeks are like those of a lion
ལྗགས་ཤིན་ཏུ་རིང་ཤིན་ཏུ་རིང་ཞིང་སྲབ་པ|His tongue is long
ཚངས་པའི་དབྱངས|His voice is mellifluent
དཔུང་མགོ་ཤིན་ཏུ་ཟླུམ་པ|His shoulders are perfectly round
བདུན་མཐོ་བ|His body has seven prominent features
ཐལ་གོང་རྒྱས་པ|His shoulders are broad
པགས་པ་སྲབ|His skin is smooth;
མདོག་གསེར་འདྲ་བ|His body is the color of gold;
བཞེངས་བཞིན་ཏུ་མ་བཏུད་པ|He is tall and straight;
ཕྱག་པུས་མོ་སླེབས་པ|His hands are long
རོ་སྟོད་སེང་གེའི་འདྲ་བ|the upper part of His body is like that of a lion
ཤིང་ཉ་གྲོ་དྷ་ལྟར་ཆུ་ཞེང་གབ་པ|His body has the proportions of a banyan tree
པུ་རེ་རེ་ནས་སྐྱེས་ཤིང་གྱས་སུ་འཁྱིལ་བ|each hair grows from each pore and curls to the right
སྐུའི་སྤུ་གྱེན་དུ་ཕྱོགས་པ|hairs on His body point upward
འདོམས་ཀྱི་སྦ་བ་སྦུབས་སུ་ནུབ་པ|His male organ is withdrawn
བརླ་ལེགས་པར་ཟླུམ་པ|His legs are beautiful and round
ཞབས་ཀྱི་ལོང་བུ་མི་མངོན་པ|His ankle-bones do not protrude
ཕྱག་དང་ཞབས་ཀྱི་མཐིལ་འཇམ་ཤིང་གཞོན་ཤ་ཆགས་པ|palms of His hands and feet are smooth and tender
ཕྱག་དང་ཞབས་དྲ་བས་འབྲལ་བ|His fingers and toes are webbed
སོར་མོ་རིང་བ|His fingers are long
ཕྱག་དང་ཞབས་ཀྱི་མཐིལ་འཁོར་ལོའི་མཚན་དང་ལྡན་པ|palms of His hands and feet bear signs of a wheel
ཞབས་ཤིན་ཏུ་གནས་པ|His feet are well set upon the ground
ཞབས་ཀྱི་མཐིལ་རྟིང་པ་ཡངས་པ|His heels are soft
བྱིན་པ་རི་དྭགས་ཨཱེེ་ནེ་ཡའི་ལྟ་བུ|His ankles are like those of the antelope or deer
བྱང་ཕྱོགས་སོ་བདུན|37 harmonies with enlightenment
དྲན་པ་ཉེ་བར་བཞག་པ་བཞི|4 establishments in mindfulness
ཡང་དག་པར་སྤོང་བ་བཞི|4 thorough abandonings
རྫུ་འཕྲུལ་གྱི་རྐང་པ་བཞི|4 legs of manifestation
དབང་པོ་ལྔ|5 powers
སྟོབས་ལྔ|5 forces
བྱང་ཆུབ་ཕྱོགས་ཀྱི་ཆོས་བདུན|7 branches of enlightenment
འཕགས་ལམ་ཡན་ལག་བརྒྱད|8-fold path
སེམས་བྱུང་ཞེ་དྲུག|46 mental factors
སེམས་ཀྱི་ས་མང་བཅུ|10 main bases of mental factors
དགེ་བའི་ས་མང་བཅུ|10 bases of big virtuous mental factors
ཉོན་མོངས་ཆེན་པོའི་ས་མང་དྲུག|6 bases of big afflictions
མི་དགེ་བའི་ས་མང་གཉིས|2 bases of big unvirtuous mental factors
ཉོན་མོངས་ཆུང་ངུའི་ས་མང་བཅུ|10 bases of small afflictions
གཞན་འགྱུར་བརྒྱད|8 changeable mental factors
སེམས་བྱུང་ལྔ་བཅུ་རྩ་གཅིག|51 mental factors
ཀུན་འགྲོ་ལྔ|5 omnipresent mental factors
ཡུལ་ངེས་ལྔ|5 determining mental factors
དགེ་བ་བཅུ་གཅིག|11 virtuous mental factors
རྩ་ཉོན་དྲུག|6 root afflictions
ཉེ་ཉོན་ཉི་ཤུ|20 secondary afflictions
གཞན་འགྱུར་བཞི|4 changeable mental factors
སེམས་བྱུང་ང་ལྔ|55 mental factors
ཀུན་འགྲོ་ལྔ|5 omnipresent mental factors
ཡུལ་ངེས་ལྔ|5 determining mental factors
དགེ་བ་བཅུ་གཅིག|11 virtuous mental factors
རྩ་ཉོན་བཅུ|10 root afflictions
ཉེ་ཉོན་ཉི་ཤུ|20 secondary afflictions
གཞན་འགྱུར་བཞི|4 changeable mental factors
དབྱངས་ཀྱི་ཡན་ལག་དྲུག་བཅུ|60 buddha's tones or voices
ཆོས་དོན་ལྔ|75 phenomena
ཆོས་མངོན་མཛོད|75 phenomena
གཟུགས|form
སེམས|mind
སེམས་བྱུང|mental factor
ལྡན་མིན་འདུ་བྱེད|non-associated compositional factor
འདུས་མ་བྱས་ཀྱི་ཆོས|uncompounded phenomenon
དཔེ་བྱེད་བཟང་པོ་བརྒྱད་བཅུ|80 minor marks of a buddha
ཆོས་གོ་གཉིས|92 phenomena
ཕུང་པོ་ལྔའི་རབ་བྱེད|92 phenomena
གཟུགས|form
སེམས་བྱུང|mental factor
ལྡན་མིན་འདུ་བྱེད|non-associated compositional factor
སེམས|mind
འདུས་མ་བྱས་ཀྱི་ཆོས|uncompounded phenomenon
ཆོས་བརྒྱ|100 phenomena
སེམས|mind
སེམས་བྱུང|mental factor
གཟུགས|form
ལྡན་མིན་འདུ་བྱེད|non-associated compositional factor
འདུས་མ་བྱས་ཀྱི་ཆོས|uncompounded phenomenon
ཡུམ་གྱི་འགྲེས་རྐང་བརྒྱ་དང་བརྒྱད|108 groups of phenomena
ཆོས་བརྒྱ་དང་དགུ|109 phenomena
ཆོས་བརྒྱ་དང་དགུ་ཀུན་བཏུས|109 phenomena
གཟུགས|form
སེམས་བྱུང|mental factor
ལྡན་མིན་འདུ་བྱེད|non-associated compositional factor
སེམས|mind
དུས་མ་བྱས་ཀྱི་ཆོས|uncompounded phenomenon
དགེ་སློང་གི་བསྲུང་བྱའི་ཁྲིམས་ཉིས་བརྒྱ་ལྔ་བཅུ|250 precepts
ཕམ་པ་བཞི|4 defeats
དགེ་སློང་གི་སྤང་བྱ་ལྷག་མ་བཅུ་གསུམ|13 remainders
མ་ངེས་པ་གཉིས|2 uncertain commandments
སྤང་པའི་ལྟུང་བྱེད་སུམ་ཅུ|30 propelling downfalls
ལྟུང་བྱེད་འབའ་ཞིག་པ་དགུ་བཅུ|90 prāyashcittika
སོར་བཤགས་བཞི|4 pratideshanīya
བསླབ་པའི་ཆོས་བརྒྱ|100 shikṣākaraṇīya
རྩོད་པ་ཞི་བར་བྱེད་པའི་ཆོས་བདུན|7 kinds of vinaya for ending disputes
བསླབ་པའི་གཞི་ཉིས་བརྒྱ་ལྔ་བཅུ་རྩ་གསུམ|253 precepts
ཕམ་པ་བཞི|4 defeats
དགེ་སློང་གི་སྤང་བྱ་ལྷག་མ་བཅུ་གསུམ|13 remainders
སྤང་པའི་ལྟུང་བྱེད་སུམ་ཅུ|30 propelling downfalls
ལྟུང་བྱེད་འབའ་ཞིག་པ་དགུ་བཅུ|90 prāyashcittika
སོར་བཤགས་བཞི|4 pratideshanīya
ཉེས་བྱས་བརྒྱ་དང་བཅུ་གཉིས|112 wrong conducts
ཆོས་ཕུང་བརྒྱད་ཁྲི་བཞི་སྟོང|84000 heaps of doctrine
